DATE,AQI,PM2.5 AVG,PM2.5 MIN,PM2.5 MAX,PM10 AVG,PM10 MIN,PM10 MAX,NO2 AVG,NO2 MIN,NO2 MAX,NH3 AVG,NH3 MIN,NH3 MAX,SO2 AVG,SO2 MIN,SO2 MAX,CO AVG,CO MIN,CO MAX,OZONE AVG,OZONE MIN,OZONE MAX,PROMINENT POLLUTENT,MAX TEMP,MIN TEMP,HUMIDITY
3/25/2017,75,75,45,210,74,50,110,28,40,180,3,2,3,2,1,4,34,1,49,38,21,70,PM2.5,36,18,32
3/26/2017,82,82,47,153,75,65,86,29,26,31,3,2,3,3,1,3,32,7,55,30,8,70,PM2.5,38,19,23
3/27/2017,72,72,63,150,71,45,98,38,34,40,3,3,3,7,2,15,40,10,68,26,18,53,PM2.5,40,20,14
3/28/2017,80,78,63,88,80,73,87,39,37,40,3,3,3,6,5,7,25,12,48,21,4,71,PM10,40,21,36
3/29/2017,73,64,53,75,73,63,86,38,36,41,3,2,4,5,1,8,35,20,54,32,6,56,PM10,40,23,31
3/30/2017,75,75,49,120,74,60,109,39,36,41,3,3,3,6,2,8,35,17,64,29,8,44,PM2.5,40,23,31
3/31/2017,78,78,49,146,72,60,112,40,30,46,3,3,4,5,2,8,42,17,72,14,9,51,PM2.5,41,23,30
4/1/2017,52,38,19,61,35,24,54,20,10,24,3,2,3,4,1,7,40,20,65,44,15,66,CO,40,24,16
4/2/2017,59,53,11,191,59,22,104,18,8,20,2,1,2,6,2,10,30,18,45,40,7,77,PM10,40,21,14
4/3/2017,70,62,32,114,70,41,122,10,7,18,2,1,2,9,1,16,28,11,46,47,18,68,PM10,39,22,14
4/4/2017,70,70,49,100,63,42,100,12,6,24,2,1,2,9,1,18,32,9,40,50,6,87,PM2.5,39,23,23
4/5/2017,88,88,79,99,85,76,95,6,5,9,1,1,1,6,3,12,29,12,41,40,8,60,PM2.5,36,20,51
4/6/2017,75,75,56,139,69,43,110,6,4,11,1,1,1,5,2,7,30,16,48,39,6,62,PM2.5,36,21,40
4/7/2017,86,86,64,112,82,61,101,9,4,12,1,1,1,5,1,9,29,12,56,40,14,75,PM2.5,33,20,29
4/8/2017,88,88,63,173,81,61,121,7,6,9,1,1,1,5,1,13,46,30,57,31,6,65,PM2.5,33,17,20
4/9/2017,87,87,68,162,81,65,117,8,4,14,1,1,1,4,1,7,38,27,50,45,7,80,PM2.5,33,18,15
4/10/2017,48,32,22,73,31,22,70,9,2,10,3,3,3,7,1,21,48,20,88,40,10,78,CO,34,17,15
4/11/2017,39,39,22,50,36,22,54,2,1,8,3,2,3,19,6,17,37,25,40,30,14,46,PM2.5,38,19,14
4/12/2017,99,99,54,148,76,39,99,19,9,29,1,1,5,11,7,18,9,3,41,28,12,54,PM2.5,40,21,13
4/13/2017,105,105,57,158,100,64,172,17,6,36,1,1,1,11,2,20,12,6,38,26,10,52,PM2.5,42,21,11
4/14/2017,114,91,54,143,114,67,145,15,12,19,1,1,2,9,1,19,17,5,29,30,11,41,PM10,42,23,10
4/15/2017,100,86,46,128,100,41,181,17,13,33,1,1,2,12,2,33,34,8,75,38,15,55,PM10,43,24,11
4/16/2017,60,60,28,96,58,24,98,15,8,17,1,1,1,9,2,29,27,5,118,25,9,52,PM2.5,44,25,11
4/17/2017,60,52,24,78,60,22,85,16,15,18,1,1,1,9,5,16,22,5,63,19,10,33,PM10,42,26,12
4/18/2017,86,75,37,111,86,67,107,16,14,17,1,1,1,8,6,12,26,5,73,35,6,49,PM10,43,24,16
4/19/2017,90,70,30,101,90,56,80,14,10,18,2,1,2,10,5,18,20,3,48,35,11,53,PM10,41,28,19
4/20/2017,104,104,68,294,89,65,148,12,11,12,1,1,1,11,1,26,88,44,114,43,12,63,PM2.5,44,27,20
4/21/2017,101,101,68,172,98,78,120,4,1,8,1,1,1,11,2,21,70,23,118,46,8,67,PM2.5,43,28,19
4/22/2017,104,104,72,159,91,69,116,11,8,18,1,1,1,6,1,11,48,15,100,43,8,75,PM2.5,42,29,20
4/23/2017,93,93,71,137,86,68,109,6,3,11,1,1,1,6,2,9,33,26,41,42,10,65,PM2.5,41,27,21
4/24/2017,111,111,73,298,93,70,161,7,4,16,1,1,1,4,1,9,30,16,45,42,9,64,PM2.5,42,25,14
4/25/2017,73,73,62,129,69,59,106,7,4,11,1,1,1,4,1,6,37,24,46,26,10,60,PM2.5,40,24,16
4/26/2017,97,97,64,184,84,61,124,8,3,17,1,1,1,4,2,8,35,15,48,42,6,58,PM2.5,43,26,15
4/27/2017,88,88,79,99,85,76,95,6,5,6,1,1,1,6,3,12,44,24,56,40,14,55,PM2.5,38,24,17
4/28/2017,92,92,71,139,85,68,110,6,4,7,1,1,1,5,2,7,52,36,71,44,13,61,PM2.5,39,25,16
4/29/2017,86,86,64,112,82,61,101,7,4,9,1,1,1,5,1,9,54,30,71,51,10,76,PM2.5,40,22,18
4/30/2017,88,88,63,173,81,61,121,7,6,9,1,1,1,5,1,13,46,30,57,52,7,77,PM2.5,41,24,16
5/1/2017,87,87,68,162,81,65,117,6,4,8,1,1,1,4,1,7,38,27,50,53,19,72,PM2.5,42,23,15
5/2/2017,79,79,60,137,74,57,109,6,4,7,1,1,1,5,2,9,51,29,76,54,27,76,PM2.5,40,24,11
5/3/2017,81,81,64,137,77,61,109,7,5,9,1,1,1,4,2,7,44,29,67,55,19,74,PM2.5,41,25,15
5/4/2017,92,92,82,117,87,79,103,8,7,8,1,1,1,4,4,5,63,30,82,43,34,70,PM2.5,41,25,14
5/5/2017,93,93,70,130,78,62,114,7,5,10,1,1,1,4,2,6,55,35,72,54,21,70,PM2.5,42,24,13
5/6/2017,95,95,70,169,85,67,119,7,6,8,1,1,1,3,2,5,52,40,64,48,9,71,PM2.5,43,26,17
5/7/2017,97,97,66,151,88,63,114,7,6,8,1,1,1,5,2,8,61,32,84,45,6,70,PM2.5,40,28,18
5/8/2017,92,92,68,138,86,65,109,8,4,18,1,1,1,4,1,11,54,26,77,53,11,78,PM2.5,42,27,22
5/9/2017,110,110,65,199,92,63,129,11,7,18,1,1,1,7,1,17,62,20,103,54,8,86,PM2.5,42,29,22
5/10/2017,124,124,75,293,102,71,`150,9,6,17,1,1,1,5,1,10,49,36,60,45,7,70,PM2.5,42,30,29
5/11/2017,114,114,68,282,92,66,149,6,4,8,1,1,1,7,2,15,54,40,77,50,22,81,PM2.5,43,31,30
5/12/2017,101,101,64,211,87,62,133,8,6,17,1,1,1,5,1,12,59,26,84,45,14,78,PM2.5,42,29,28
5/13/2017,95,95,66,223,86,63,137,8,6,12,1,1,1,3,1,7,51,26,73,46,11,70,PM2.5,43,31,25
5/14/2017,94,94,68,197,85,66,129,9,6,15,1,1,1,3,1,6,38,9,53,48,14,81,PM2.5,41,28,26
5/15/2017,106,106,69,197,92,66,128,7,5,8,1,1,1,5,1,11,60,29,86,45,15,74,PM2.5,44,29,17
5/16/2017,104,104,66,198,89,63,123,7,6,9,1,1,1,3,1,7,48,36,62,50,27,79,PM2.5,45,30,12
5/17/2017,119,119,67,276,96,64,146,5,4,8,1,1,1,4,1,8,44,28,55,28,10,77,PM2.5,43,31,13
5/18/2017,111,111,68,209,95,66,132,8,5,14,1,1,1,4,1,11,42,21,57,34,15,22,PM2.5,42,31,16
5/19/2017,86,86,64,161,81,62,117,7,6,9,1,1,1,5,1,8,51,33,67,49,14,68,PM2.5,41,32,18
5/20/2017,97,97,66,156,89,64,115,8,6,11,1,1,1,4,1,9,47,32,84,39,11,74,PM2.5,42,29,23
5/21/2017,89,89,67,132,83,64,108,7,4,14,1,1,1,4,1,8,43,23,59,44,15,75,PM2.5,43,30,22
5/22/2017,84,84,64,146,78,61,112,4,2,6,1,1,1,3,1,5,44,33,55,48,10,70,PM2.5,42,29,24
5/23/2017,98,98,68,168,87,65,119,5,4,6,1,1,1,4,1,9,45,31,53,28,9,73,PM2.5,40,27,21
5/24/2017,80,80,64,118,76,61,103,6,4,7,1,1,1,5,1,9,45,30,57,27,4,48,PM2.5,41,28,23
5/25/2017,91,91,62,150,84,60,113,6,4,8,1,1,1,4,1,7,54,36,66,45,25,62,PM2.5,41,27,25
5/26/2017,77,77,66,92,74,64,88,6,5,7,1,1,1,4,1,10,56,34,90,53,17,20,PM2.5,40,26,24
5/27/2017,76,76,60,125,72,58,105,6,5,8,1,1,1,4,1,8,42,28,54,43,16,77,PM2.5,40,30,25
5/28/2017,85,85,60,145,79,58,112,7,6,8,1,1,1,4,1,8,44,26,59,48,15,52,PM2.5,42,29,30
5/29/2017,77,77,63,107,74,60,99,7,5,15,1,1,1,4,1,7,40,22,55,40,20,72,PM2.5,41,31,35
5/30/2017,110,110,76,164,95,73,118,8,4,10,2,1,2,88,2,157,50,46,52,48,18,66,PM2.5,40,29,33
5/31/2017,127,127,70,280,92,70,116,7,6,8,1,1,1,19,4,28,56,48,68,35,10,71,PM2.5,39,28,30
6/1/2017,148,148,69,310,107,66,176,6,5,7,1,1,1,9,2,21,51,41,62,50,6,74,PM2.5,39,27,30
6/2/2017,125,125,58,316,96,56,183,8,5,14,1,1,1,8,1,17,42,28,51,44,8,66,PM2.5,43,28,17
6/3/2017,118,118,69,232,97,66,140,6,4,7,1,1,1,5,1,17,45,29,62,45,5,59,PM2.5,44,30,16
6/4/2017,102,102,63,216,88,61,135,4,2,6,1,1,1,7,1,17,44,31,56,38,24,54,PM2.5,45,29,15
6/5/2017,84,84,72,113,80,69,102,6,3,8,1,1,1,8,5,14,40,27,50,16,10,48,PM2.5,48,33,16
6/6/2017,111,111,68,209,110,62,173,2,1,4,1,1,1,5,3,6,39,26,48,41,12,65,PM2.5,47,32,18
6/7/2017,134,134,62,309,102,59,173,1,1,2,1,1,1,4,3,5,31,17,42,35,10,62,PM2.5,46,32,18
6/8/2017,71,71,60,90,68,57,86,2,1,3,1,1,1,5,4,7,36,29,41,38,8,70,PM2.5,45,30,18
6/9/2017,92,92,64,170,82,61,120,1,1,2,1,1,1,4,2,6,40,27,55,28,10,77,PM2.5,40,29,26
6/10/2017,84,84,62,127,79,60,106,1,1,3,1,1,1,6,3,7,44,27,58,34,8,66,PM2.5,42,28,22
6/11/2017,82,82,64,151,77,62,114,3,2,3,1,1,1,5,3,7,33,23,44,34,3,51,PM2.5,43,29,18
6/12/2017,78,78,62,120,74,60,104,2,1,3,1,1,1,4,3,6,34,25,45,30,5,42,PM2.5,42,32,19
6/13/2017,84,84,62,148,78,59,113,2,1,5,1,1,2,6,3,8,36,22,51,32,6,45,PM2.5,43,30,17
6/14/2017,122,122,65,288,94,62,158,6,1,8,2,2,2,14,5,26,40,19,70,29,8,46,PM2.5,42,31,20
6/15/2017,112,112,65,204,104,60,158,2,1,4,1,1,1,5,3,6,35,24,47,34,15,58,PM2.5,40,32,22
6/16/2017,133,133,63,299,101,59,168,1,1,2,1,1,2,3,2,5,30,16,43,35,8,54,PM2.5,41,31,24
6/17/2017,183,183,76,348,129,73,243,2,1,2,1,1,1,8,1,17,39,26,51,36,7,48,PM2.5,42,29,26
6/18/2017,209,209,95,353,142,92,253,2,1,3,1,1,1,4,1,6,45,33,53,28,10,45,PM2.5,40,30,34
6/19/2017,299,299,94,475,245,90,459,2,1,2,1,1,1,8,3,16,39,28,48,30,3,40,PM2.5,41,28,36
6/20/2017,219,219,103,375,152,98,298,2,1,4,1,1,1,10,1,16,39,37,41,26,10,59,PM2.5,38,27,34
6/21/2017,101,101,60,210,96,54,220,3,1,6,1,1,2,8,1,14,35,30,45,16,3,37,PM2.5,39,26,36
6/22/2017,91,91,63,170,88,60,136,7,2,10,1,1,1,8,2,14,43,32,48,13,2,50,PM2.5,37,26,38
6/23/2017,114,114,63,240,94,61,142,7,4,15,1,1,1,9,3,16,28,18,42,10,5,20,PM2.5,40,27,34
6/24/2017,160,160,72,359,118,69,264,5,2,9,1,1,1,8,1,18,34,24,47,12,2,16,PM2.5,42,28,30
6/25/2017,177,177,83,370,129,79,288,5,3,6,1,1,1,7,1,17,39,28,46,14,5,20,PM2.5,43,31,29
6/26/2017,207,207,82,425,154,79,412,5,4,6,1,1,1,8,1,18,41,30,57,18,8,36,PM2.5,40,30,35
6/27/2017,131,131,102,175,107,97,121,6,6,7,1,1,1,6,5,7,34,25,39,26,10,36,PM2.5,41,31,30
6/28/2017,79,65,51,88,79,62,135,16,11,17,7,7,7,4,1,6,22,14,44,30,8,46,PM10,36,26,80
6/29/2017,78,74,37,135,78,49,107,25,8,41,5,3,8,13,5,25,24,11,44,28,9,54,PM10,37,25,72
6/30/2017,114,98,56,176,114,74,173,29,14,71,6,2,10,10,5,19,30,18,38,33,8,49,PM2.5,34,27,65
7/1/2017,115,115,87,166,107,83,118,25,10,100,9,4,14,9,5,14,25,10,38,32,11,52,PM2.5,35,28,60
7/2/2017,103,88,50,154,103,81,162,37,8,75,8,2,12,10,1,18,28,8,36,42,27,56,PM10,36,30,52
7/3/2017,50,49,5,153,30,5,66,10,4,18,1,1,2,7,3,13,50,25,68,30,12,48,CO,38,28,55
7/4/2017,56,16,1,57,56,20,72,16,5,17,1,1,3,6,2,8,36,25,45,18,6,65,PM10,40,30,46
7/5/2017,79,56,8,72,79,23,90,12,2,15,1,1,4,6,4,18,22,22,37,31,8,54,PM10,38,28,52
7/6/2017,60,43,8,130,60,36,105,15,6,17,1,1,4,11,4,38,43,22,73,25,8,36,PM10,37,25,53
7/7/2017,69,21,3,50,69,21,103,10,5,18,1,1,3,6,2,20,35,14,83,21,6,51,PM10,38,26,56
7/8/2017,77,72,4,110,77,36,111,12,7,17,1,1,4,3,1,5,31,17,48,45,7,88,PM10,37,26,45
7/9/2017,96,81,9,190,96,33,147,10,8,17,1,1,2,18,2,78,75,3,112,40,11,46,PM10,36,28,48
7/10/2017,79,74,30,121,79,44,132,12,5,10,1,1,3,13,2,56,48,36,121,29,10,42,PM10,41,32,35
7/11/2017,90,90,56,210,65,38,120,5,1,15,1,1,2,18,4,66,41,28,70,31,22,56,PM2.5,38,31,38
7/12/2017,95,95,46,196,72,39,130,6,2,15,1,1,4,10,3,78,43,28,58,25,17,60,PM2.5,37,29,34
7/13/2017,96,96,40,180,82,38,110,6,5,7,2,1,2,4,1,7,38,27,53,36,12,49,PM2.5,38,30,40
7/14/2017,90,72,21,210,90,20,210,7,6,8,2,1,3,6,1,10,39,25,50,30,16,47,PM10,38,29,44
7/15/2017,78,78,26,110,70,30,170,7,6,8,2,1,3,4,1,6,65,41,86,27,14,46,PM2.5,38,30,45
7/16/2017,91,80,22,145,91,46,132,18,12,29,8,2,10,6,1,11,32,24,44,22,7,70,PM10,39,31,44
7/17/2017,65,59,29,85,65,35,97,16,10,29,7,2,10,7,1,11,36,31,43,25,18,43,PM10,37,30,46
7/18/2017,91,76,53,100,91,62,115,11,8,34,6,1,8,5,1,8,29,26,50,28,19,50,PM10,39,30,48
7/19/2017,100,100,62,233,84,59,140,7,1,14,2,1,2,6,3,10,34,15,58,31,19,37,PM2.5,38,29,35
7/20/2017,131,131,90,233,103,86,140,8,6,9,2,2,2,6,3,7,38,27,53,25,18,30,PM2.5,37,27,30
7/21/2017,168,168,91,329,123,87,202,8,1,15,2,1,3,6,5,8,39,25,50,32,24,45,PM2.5,35,28,32
7/22/2017,48,32,22,73,31,22,70,9,2,17,3,3,3,7,1,36,48,20,88,36,31,43,CO,36,29,28
7/23/2017,46,46,22,61,45,22,58,2,2,3,3,3,3,19,6,36,30,28,33,29,26,48,PM2.5,35,30,30
7/24/2017,86,86,51,94,82,49,90,18,10,23,3,3,3,10,7,12,39,20,58,30,20,41,PM2.5,37,31,24
7/25/2017,94,94,91,98,86,80,92,14,8,22,3,3,3,11,9,14,36,30,40,23,10,41,PM2.5,38,32,25
7/26/2017,96,96,88,103,88,80,96,12,7,26,2,2,3,10,9,11,28,20,39,22,11,37,PM2.5,36,28,56
7/27/2017,95,95,67,171,85,64,117,9,5,16,1,1,1,7,1,14,34,10,57,22,5,63,PM2.5,34,28,60
7/28/2017,99,99,62,110,80,60,98,11,5,12,1,1,1,9,1,12,38,20,50,27,15,34,PM2.5,33,27,70
7/29/2017,81,77,39,121,80,34,104,26,25,28,4,4,4,22,2,68,44,6,103,34,5,46,PM10,34,26,65
7/30/2017,109,109,32,178,109,75,122,26,22,33,5,4,14,10,2,27,40,6,100,25,16,55,PM2.5,33,28,68
7/31/2017,122,122,28,220,108,55,149,28,26,76,5,4,12,10,4,23,47,2,89,32,17,44,PM2.5,35,28,65
8/1/2017,137,130,60,270,137,96,170,28,23,83,4,4,5,13,5,20,48,4,119,32,12,50,PM10,36,28,50
8/2/2017,161,161,63,250,118,101,135,15,13,26,5,4,5,15,6,34,95,46,102,30,14,50,PM2.5,35,26,53
8/3/2017,126,126,53,210,100,59,148,14,13,25,5,5,5,17,8,35,33,25,100,18,8,38,PM2.5,36,27,55
8/4/2017,109,109,48,202,81,44,125,14,14,21,5,5,5,13,9,22,30,15,79,26,10,35,PM2.5,37,28,54
8/5/2017,70,70,37,100,57,31,80,14,13,22,5,5,5,11,8,23,37,3,60,30,8,45,PM2.5,38,29,54
8/6/2017,94,94,45,150,77,46,90,14,12,23,5,5,5,11,7,19,44,6,58,28,9,52,PM2.5,38,28,55
8/7/2017,93,93,65,150,83,58,120,14,13,29,5,5,5,10,8,12,24,2,68,33,8,48,PM2.5,37,27,50
8/8/2017,143,143,29,220,106,73,148,14,13,20,5,5,5,14,9,22,56,9,96,32,11,56,PM2.5,38,29,53
8/9/2017,125,125,65,170,104,79,130,14,13,24,5,5,5,10,2,19,51,7,76,28,15,35,PM2.5,37,26,58
8/10/2017,103,103,37,169,93,39,110,12,10,35,8,2,12,10,1,13,30,12,48,28,12,45,PM2.5,39,28,53
8/11/2017,87,72,38,162,87,49,130,20,18,40,4,4,4,8,4,10,18,6,65,18,10,55,PM10,38,28,53
8/12/2017,66,56,17,80,66,52,98,24,17,48,5,4,7,10,4,19,24,11,68,31,12,58,PM10,37,28,54
8/13/2017,52,52,14,65,45,29,69,22,10,39,6,6,7,6,2,23,48,12,59,30,16,50,PM2.5,36,26,55
8/14/2017,50,23,11,47,30,20,39,28,18,32,6,6,7,4,3,9,46,24,58,22,12,51,CO,36,27,56
8/15/2017,52,26,16,56,29,23,47,32,19,36,6,6,7,4,2,8,47,20,62,18,8,42,CO,35,27,53
8/16/2017,66,66,14,91,65,1,125,29,16,35,6,5,6,5,3,10,42,12,60,19,9,41,PM2.5,34,26,54
8/17/2017,51,51,10,78,44,12,70,16,13,21,1,1,1,9,1,15,38,25,73,25,10,40,PM10,34,25,50
8/18/2017,54,54,11,74,36,12,60,16,10,18,1,1,1,11,6,23,37,23,47,30,15,35,PM2.5,35,28,55
8/19/2017,45,45,15,70,43,19,78,20,11,36,2,1,5,8,2,18,30,27,45,25,12,36,PM2.5,35,26,60
8/20/2017,62,62,22,90,42,17,67,34,30,39,5,5,6,9,3,18,37,24,41,24,11,33,PM2.5,36,25,59
8/21/2017,55,30,18,70,55,29,87,35,29,38,5,5,5,21,5,94,33,18,51,23,9,35,PM10,36,26,54
8/22/2017,70,70,37,94,57,31,74,14,13,16,5,5,5,11,8,23,37,6,60,22,8,33,PM2.5,38,25,55
8/23/2017,94,94,45,167,77,46,103,14,12,14,5,5,5,11,7,19,44,6,58,26,7,40,PM2.5,37,26,59
8/24/2017,126,126,53,237,100,59,151,14,13,25,5,5,5,17,8,35,33,25,100,24,6,31,PM2.5,36,27,58
8/25/2017,109,109,48,207,81,44,123,14,14,21,5,5,5,13,9,22,30,15,79,22,5,32,PM2.5,37,27,54
8/26/2017,93,93,65,153,83,58,112,14,13,15,5,5,5,10,8,12,24,2,68,29,4,36,PM2.5,36,28,50
8/27/2017,109,107,71,192,109,77,135,25,14,31,6,3,9,7,4,15,43,10,63,29,3,55,PM10,38,26,48
8/28/2017,129,129,67,198,108,80,131,22,12,26,8,4,11,7,2,14,40,28,59,18,8,45,PM2.5,37,24,52
8/29/2017,130,130,72,220,120,75,199,23,18,35,5,2,9,9,2,20,42,18,54,20,9,40,PM2.5,36,25,57
8/30/2017,160,151,86,228,160,126,194,25,25,25,2,2,2,12,4,29,38,23,54,22,7,42,PM10,37,26,51
8/31/2017,152,142,94,240,152,125,200,30,20,48,2,2,2,18,5,59,38,21,54,15,8,40,PM10,36,26,65
9/1/2017,171,171,96,272,159,115,202,35,25,55,2,2,2,11,5,25,44,19,54,18,7,39,PM2.5,36,25,71
9/2/2017,153,134,85,304,153,102,261,32,25,58,2,2,2,8,4,26,32,6,123,29,3,35,PM10,36,24,60
9/3/2017,164,122,68,319,164,114,478,28,25,41,2,1,3,7,3,13,36,24,70,15,11,23,PM10,35,25,53
9/4/2017,125,83,33,200,125,74,337,36,25,46,2,2,2,10,4,24,39,22,66,12,8,22,PM10,36,24,56
9/5/2017,139,104,62,176,139,67,193,37,25,42,2,2,2,8,5,18,42,24,68,10,7,42,PM10,34,25,53
9/6/2017,126,122,14,183,126,86,169,31,25,49,2,2,2,11,2,54,35,20,75,11,8,15,PM10,35,25,50
9/7/2017,138,136,66,274,138,84,206,35,23,45,2,2,2,12,6,28,51,45,66,10,6,35,PM10,36,24,52
9/8/2017,96,83,41,136,96,62,146,45,41,53,9,5,18,16,3,28,30,23,49,12,5,27,PM10,35,26,48
9/9/2017,112,101,51,180,112,78,137,41,30,82,7,5,16,12,4,26,36,26,48,13,4,23,PM10,37,27,47
9/10/2017,111,89,59,135,111,85,140,40,32,70,10,8,20,10,6,29,28,20,41,14,5,20,PM10,38,25,46
9/11/2017,115,92,67,144,115,78,145,42,34,60,18,9,22,11,5,30,30,12,55,15,6,34,PM10,38,24,40
9/12/2017,150,150,84,202,113,74,181,55,20,85,17,10,29,14,3,29,42,18,82,17,8,35,PM2.5,37,25,35
9/13/2017,155,155,70,210,124,84,172,70,40,99,15,9,25,10,3,20,42,12,81,13,9,22,PM2.5,37,24,35
9/14/2017,135,135,60,220,120,83,170,72,54,93,17,10,25,12,2,19,40,17,79,11,8,23,PM2.5,35,24,36
9/15/2017,212,212,100,260,147,70,216,98,86,109,16,10,30,5,1,10,73,35,110,11,7,19,PM2.5,38,23,37
9/16/2017,159,159,55,296,143,94,203,81,66,89,10,9,10,5,1,10,43,6,80,10,8,25,PM2.5,37,22,40
9/17/2017,119,103,50,224,119,81,165,78,69,84,10,9,10,4,1,10,39,23,72,14,9,22,PM10,38,23,30
9/18/2017,231,231,65,356,207,90,410,169,83,192,14,9,16,13,4,27,66,19,114,17,6,32,PM2.5,36,22,32
9/19/2017,255,255,98,343,204,114,343,100,44,196,15,13,16,19,11,29,59,23,97,18,5,35,PM2.5,38,21,37
9/20/2017,212,212,69,305,160,100,204,35,4,70,11,3,13,6,1,17,48,1,73,19,8,38,PM2.5,39,21,31
9/21/2017,797,175,79,333,204,124,367,797,270,900,143,1,250,7,1,21,35,21,66,20,7,56,NO2,38,22,32
9/22/2017,769,202,93,337,212,130,426,769,50,900,188,8,250,8,1,25,27,10,104,12,5,33,NO2,37,21,40
9/23/2017,103,79,37,169,93,39,149,103,39,306,14,2,204,9,1,32,30,12,48,15,6,36,NO2,36,20,42
9/24/2017,87,72,38,162,87,49,130,20,18,22,4,4,4,10,1,26,18,6,65,13,5,25,PM10,37,21,40
9/25/2017,241,123,78,243,139,105,197,241,20,900,10,4,50,12,1,16,31,8,54,13,1,29,NO2,38,22,44
9/26/2017,158,146,81,243,158,125,197,21,18,23,6,4,30,14,1,16,25,8,36,15,9,26,PM10,38,21,40
9/27/2017,156,121,56,332,156,108,356,19,19,20,5,4,25,13,1,22,21,6,51,14,3,22,PM10,37,20,43
9/28/2017,145,101,48,164,145,119,176,20,19,21,4,4,18,4,1,10,60,7,104,14,2,31,PM10,38,22,38
9/29/2017,143,99,75,167,143,122,172,20,18,22,8,4,17,12,1,21,45,11,46,13,2,31,PM10,37,21,35
9/30/2017,151,129,88,209,151,113,191,18,10,24,4,2,12,10,1,14,60,15,84,20,11,46,PM10,39,21,22
10/1/2017,155,101,72,177,155,123,246,21,20,22,6,4,10,9,1,16,41,30,56,21,10,35,PM10,38,21,25
10/2/2017,92,85,73,185,92,108,257,10,19,20,5,1,15,8,1,17,38,22,55,15,6,31,PM10,37,20,28
10/3/2017,171,171,95,324,153,151,483,19,8,31,6,1,13,6,1,20,38,24,51,13,7,24,PM2.5,38,21,22
10/4/2017,151,151,106,179,90,158,206,8,13,26,7,2,18,10,2,30,38,29,63,16,2,28,PM2.5,37,20,27
10/5/2017,184,136,62,304,184,135,273,20,16,27,9,3,12,4,1,12,47,22,62,13,2,27,PM10,37,20,24
10/6/2017,154,125,76,218,154,123,198,19,16,23,7,3,17,6,1,20,25,12,54,11,5,29,PM10,36,20,29
10/7/2017,164,153,77,301,164,122,256,20,7,27,8,3,10,9,1,39,32,10,65,18,4,26,PM10,35,21,30
10/8/2017,211,202,28,323,211,133,404,31,7,133,29,3,35,7,1,35,35,16,50,10,3,24,PM10,37,22,38
10/9/2017,252,233,93,320,252,150,404,55,39,72,15,11,19,7,1,25,36,26,49,12,8,26,PM10,36,21,34
10/10/2017,282,282,193,342,280,188,420,62,40,130,12,8,14,9,1,24,40,22,55,7,2,18,PM2.5,37,21,24
10/11/2017,253,241,120,310,253,167,500,63,50,83,10,7,42,10,3,23,47,21,62,8,4,20,PM10,35,22,25
10/12/2017,355,274,84,500,355,171,283,67,52,76,11,8,15,4,1,16,42,16,55,9,2,13,PM10,36,21,31
10/13/2017,374,268,167,314,374,169,318,65,32,81,10,6,35,5,1,20,30,18,46,6,5,27,PM10,38,20,20
10/14/2017,364,270,151,309,364,167,287,57,44,66,9,5,8,8,1,12,26,12,48,7,3,25,PM10,37,21,18
10/15/2017,327,268,137,339,327,155,500,63,44,102,7,5,9,9,2,30,29,10,42,15,10,30,PM10,37,21,18
10/16/2017,251,234,114,349,251,129,500,75,51,97,7,5,10,12,2,21,31,22,56,13,10,23,PM10,37,21,20
10/17/2017,262,253,81,317,262,128,482,67,56,82,5,3,6,6,3,15,28,17,60,14,11,19,PM10,36,22,17
10/18/2017,306,267,100,411,306,201,500,72,32,108,5,2,8,9,4,18,36,12,49,17,10,42,PM10,35,20,22
10/19/2017,315,232,85,324,315,173,500,59,34,92,5,2,8,6,1,10,30,16,47,15,10,28,PM10,34,21,21
10/20/2017,403,403,59,500,402,148,498,74,41,129,10,2,26,8,1,21,27,14,46,16,12,30,PM2.5,36,21,23
10/21/2017,358,358,270,429,334,176,500,117,84,138,16,12,19,8,1,16,25,7,97,17,11,51,PM2.5,33,20,25
10/22/2017,363,346,215,405,363,174,493,133,102,148,13,5,17,9,1,17,32,8,53,16,11,41,PM10,34,21,28
10/23/2017,400,393,314,500,400,205,500,150,129,169,15,13,18,12,1,25,35,14,78,28,15,50,PM10,35,18,24
10/24/2017,349,349,301,397,308,191,500,143,132,160,14,12,16,10,1,23,45,18,70,36,10,49,PM2.5,33,19,22
10/25/2017,395,359,178,413,395,194,500,147,89,163,14,9,15,9,1,24,50,16,80,29,12,51,PM10,32,17,25
10/26/2017,294,293,152,333,294,178,399,147,76,178,16,8,20,8,1,25,41,17,76,28,10,52,PM10,32,18,25
10/27/2017,357,332,301,402,357,212,500,179,154,220,18,15,23,7,1,26,46,14,109,18,7,45,PM10,31,18,26
10/28/2017,313,313,206,354,290,181,402,173,149,188,16,13,19,6,1,24,53,30,95,14,9,32,PM2.5,32,17,27
10/29/2017,247,247,74,387,170,76,273,65,21,103,10,4,16,14,3,30,43,18,88,15,8,24,PM2.5,31,17,28
10/30/2017,276,276,191,342,201,115,405,48,20,70,6,3,9,9,1,16,39,19,78,25,17,55,PM2.5,30,18,30
10/31/2017,284,284,158,336,188,133,238,48,26,84,5,1,7,12,5,56,48,22,84,18,10,25,PM2.5,32,17,27
11/1/2017,299,299,193,346,198,117,485,55,3,88,5,3,9,6,1,15,56,21,99,17,10,36,PM2.5,32,16,28
11/2/2017,316,316,226,380,279,197,445,162,129,188,15,11,19,5,2,10,51,31,103,16,9,29,PM2.5,31,18,27
11/3/2017,333,333,309,374,309,204,453,158,136,179,15,11,17,6,1,12,58,38,100,16,7,25,PM2.5,30,17,30
11/4/2017,308,308,178,453,274,166,500,152,129,176,15,11,18,7,1,11,54,29,115,18,5,26,PM2.5,31,17,34
11/5/2017,355,355,99,484,330,230,500,154,128,177,15,11,19,10,2,18,52,33,103,17,3,24,PM2.5,31,18,32
11/6/2017,373,355,270,422,373,192,500,143,105,170,14,10,17,9,1,12,54,28,94,12,4,29,PM10,30,18,27
11/7/2017,288,284,74,402,288,150,500,146,95,171,14,10,17,8,1,11,60,36,94,13,3,28,PM10,31,17,24
11/8/2017,276,273,86,478,276,144,500,152,118,180,14,10,17,6,1,14,61,38,97,14,2,26,PM10,30,18,23
11/9/2017,309,30,181,420,280,175,500,188,154,282,16,12,25,5,1,13,64,36,120,14,5,30,PM2.5,31,18,20
11/10/2017,362,362,317,421,362,265,500,242,162,342,21,13,30,4,1,15,69,32,129,15,4,34,PM2.5,32,17,23
11/11/2017,330,330,232,467,313,184,500,185,157,211,16,13,19,9,1,20,60,32,92,12,4,36,PM2.5,31,17,30
11/12/2017,331,331,232,422,327,211,500,182,150,209,16,12,20,10,1,21,62,32,92,10,3,35,PM2.5,29,16,35
11/13/2017,406,379,239,500,406,188,500,151,117,181,14,11,17,6,1,14,70,36,104,12,2,22,PM10,30,15,36
11/14/2017,368,352,198,466,368,184,500,158,136,179,16,13,19,4,1,12,65,11,124,14,2,30,PM10,29,16,34
11/15/2017,316,316,70,500,302,88,500,150,129,169,14,12,16,6,1,16,49,20,101,10,1,30,PM2.5,28,16,37
11/16/2017,92,76,46,95,92,53,119,20,19,23,3,3,3,5,1,31,27,12,44,10,3,34,PM10,27,15,38
11/17/2017,189,189,41,314,163,60,303,137,86,203,8,6,11,29,1,125,39,9,75,10,4,29,PM2.5,28,16,39
11/18/2017,160,141,82,211,138,105,189,160,31,248,10,6,13,8,1,22,30,5,60,10,5,29,NO2,26,14,25
11/19/2017,166,166,73,281,145,97,186,137,76,157,12,9,14,6,1,13,32,18,46,10,3,38,PM2.5,27,15,26
11/20/2017,146,146,77,304,144,110,194,135,123,143,12,12,13,7,1,10,36,26,49,12,5,24,PM2.5,25,13,27
11/21/2017,212,212,16,309,172,76,231,126,41,166,12,8,15,6,2,14,40,22,73,9,5,28,PM2.5,26,13,30
11/22/2017,312,312,133,360,292,154,390,121,69,141,11,9,13,10,1,21,47,21,78,10,2,34,PM2.5,27,14,32
11/23/2017,251,251,93,327,222,121,312,123,114,137,12,11,13,12,5,20,42,31,65,10,2,33,PM2.5,25,15,33
11/24/2017,244,244,68,330,226,108,333,127,89,155,13,10,16,11,1,30,50,23,102,11,2,37,PM2.5,26,14,32
11/25/2017,253,253,88,365,230,133,410,131,70,175,12,9,15,15,2,31,42,6,79,13,2,39,PM2.5,28,13,15
11/26/2017,361,301,90,398,361,136,500,151,84,202,15,10,20,13,7,19,74,27,114,30,15,41,PM10,28,14,20
11/27/2017,264,264,180,348,240,178,392,97,75,116,11,10,12,14,10,21,42,12,72,22,12,39,PM2.5,28,13,22
11/28/2017,298,290,121,349,298,145,463,121,69,152,13,9,16,13,7,19,64,26,111,39,15,70,PM10,26,15,28
11/29/2017,336,297,90,429,336,142,500,124,88,153,13,9,17,13,5,20,65,21,106,32,19,74,PM10,27,13,24
11/30/2017,340,340,306,381,326,224,460,146,80,180,13,9,17,14,9,19,67,2,115,30,15,58,PM2.5,27,14,25
12/1/2017,233,233,94,310,191,131,259,145,89,181,11,8,13,28,4,118,48,2,183,29,17,52,PM2.5,26,13,30
12/2/2017,215,212,63,380,215,102,493,169,81,202,14,8,16,10,1,30,85,19,122,28,16,52,PM10,25,12,32
12/3/2017,298,298,129,379,284,154,439,214,162,259,17,13,21,16,1,41,100,44,149,35,5,60,PM2.5,24,12,30
12/4/2017,286,286,171,329,210,157,317,181,169,194,14,13,16,16,4,37,68,34,106,32,9,49,PM2.5,23,11,28
12/5/2017,224,224,98,322,189,139,260,169,83,192,14,9,16,13,4,27,58,9,107,33,12,58,PM2.5,24,11,27
12/6/2017,140,104,41,186,139,38,220,140,99,167,12,9,14,12,5,23,47,2,102,30,16,56,NO2,25,12,30
12/7/2017,145,76,31,148,116,68,178,145,130,153,13,12,14,14,5,29,40,20,61,35,10,54,NO2,24,11,35
12/8/2017,155,138,62,242,155,106,204,148,131,159,13,12,14,13,1,23,60,38,103,25,5,55,PM10,26,10,36
12/9/2017,218,197,80,348,218,127,441,168,137,189,14,12,16,14,1,29,75,35,113,34,12,57,PM10,24,11,30
12/10/2017,254,254,103,328,240,124,366,177,145,196,15,13,16,19,11,29,87,48,112,25,13,65,PM2.5,26,12,27
12/11/2017,147,101,41,187,121,77,152,147,103,161,13,9,14,12,2,26,48,32,101,10,6,24,NO2,25,11,22
12/12/2017,179,108,22,181,108,64,136,179,143,203,14,12,16,23,1,50,42,10,78,12,3,22,NO2,26,10,20
12/13/2017,174,105,53,221,110,80,163,174,4,210,15,9,17,5,1,11,41,20,60,10,4,18,NO2,24,10,15
12/14/2017,121,114,85,181,121,107,156,43,21,50,16,15,16,3,1,7,27,18,34,12,2,20,PM10,25,11,14
12/15/2017,96,83,41,136,96,62,146,45,41,53,16,16,16,5,1,10,30,23,49,10,4,21,PM10,25,11,13
12/16/2017,112,101,51,180,112,78,137,41,30,46,16,15,16,4,1,10,36,26,48,12,5,16,PM10,26,10,15
12/17/2017,111,89,59,135,111,85,140,36,32,40,16,16,16,3,1,10,28,20,41,9,6,23,PM10,25,11,18
12/18/2017,115,92,67,144,115,78,145,40,34,44,16,16,16,4,1,9,30,12,55,10,5,25,PM10,26,10,19
12/19/2017,139,131,59,207,139,85,185,39,9,49,16,15,16,4,1,7,39,15,68,12,4,23,PM10,25,11,14
12/20/2017,170,170,69,300,154,101,206,49,8,84,14,10,16,4,2,9,38,9,58,10,5,24,PM2.5,26,11,19
12/21/2017,312,312,196,367,290,157,416,98,86,109,10,10,11,5,1,10,73,35,110,9,2,25,PM2.5,25,11,20
12/22/2017,159,159,55,296,143,94,203,81,66,89,10,9,10,5,1,10,43,6,80,7,3,26,PM2.5,24,10,25
12/23/2017,119,103,50,224,119,81,165,78,69,84,10,9,10,4,1,10,39,23,72,9,2,24,PM10,23,11,30
12/24/2017,231,231,65,356,207,90,410,169,83,192,14,9,16,13,4,27,66,19,114,13,5,20,PM2.5,24,10,65
12/25/2017,255,255,98,343,204,114,343,100,44,196,15,13,16,19,11,29,59,23,97,15,6,34,PM2.5,23,11,53
12/26/2017,212,212,69,305,160,100,204,35,4,70,11,3,13,4,1,17,48,1,73,17,8,35,PM2.5,22,10,50
12/27/2017,238,238,108,322,184,123,276,36,31,39,8,8,9,3,1,6,53,19,102,13,9,22,PM2.5,21,11,50
12/28/2017,272,272,126,347,217,125,364,36,32,39,8,8,9,4,1,8,65,29,117,11,8,23,PM2.5,23,10,48
12/29/2017,130,130,74,191,128,96,169,32,25,34,8,8,8,4,1,11,38,20,67,11,7,19,PM2.5,22,10,45
12/30/2017,248,248,83,348,191,101,311,30,21,35,7,6,8,3,1,7,54,10,83,10,8,12,PM2.5,20,9,43
12/31/2017,237,237,121,376,205,146,423,31,28,35,7,7,7,3,1,6,49,15,79,14,9,43,PM2.5,21,10,47
1/1/2018,276,276,159,362,215,154,370,30,27,33,7,7,7,4,2,6,49,23,81,25,11,61,PM2.5,20,9,48
1/2/2018,246,230,58,382,246,110,449,32,30,34,7,7,8,4,2,6,56,33,82,18,12,35,PM10,19,8,50
1/3/2018,195,195,50,342,162,78,249,31,29,34,7,7,7,3,1,6,41,26,54,12,8,18,PM2.5,20,8,47
1/4/2018,151,151,59,380,141,82,388,31,29,36,7,7,7,4,1,7,39,22,62,10,8,14,PM2.5,19,6,48
1/5/2018,271,271,86,377,233,108,428,33,30,36,7,7,8,4,1,7,49,32,70,14,9,31,PM2.5,18,7,50
1/6/2018,208,208,44,350,178,72,350,29,12,36,9,7,13,4,1,9,52,11,103,21,11,29,PM2.5,17,7,45
1/7/2018,171,171,77,276,138,109,172,20,18,22,13,13,14,4,1,9,38,22,53,13,8,47,PM2.5,18,8,40
1/8/2018,134,134,62,260,130,91,193,20,16,23,14,13,14,4,1,8,33,18,52,18,7,40,PM2.5,18,7,47
1/9/2018,164,164,66,239,139,108,178,18,7,23,14,13,14,5,1,8,37,14,72,21,7,47,PM2.5,20,6,42
1/10/2018,169,169,75,300,145,114,192,21,11,26,14,13,14,5,1,10,38,22,55,17,8,45,PM2.5,22,7,41
1/11/2018,186,186,88,268,150,117,194,20,11,26,14,13,14,7,1,12,38,24,51,20,7,40,PM2.5,20,7,42
1/12/2018,155,155,58,269,144,104,188,38,8,62,14,10,16,4,2,9,38,29,63,19,8,43,PM2.5,21,6,43
1/13/2018,189,189,68,283,155,104,189,26,10,48,4,1,10,24,8,61,47,22,62,17,7,40,PM2.5,20,6,41
1/14/2018,228,228,83,340,176,117,279,86,62,100,10,5,20,17,6,41,52,25,75,18,5,32,PM2.5,20,7,46
1/15/2018,146,146,74,286,137,108,193,31,29,36,7,7,7,4,1,7,42,10,72,18,7,40,PM2.5,21,7,41
1/16/2018,174,174,72,295,135,88,198,43,31,54,14,14,15,7,2,24,42,16,76,7,5,41,PM2.5,22,7,40
1/17/2018,250,250,52,326,45,35,57,14,14,15,7,1,21,53,19,107,5,2,7,15,5,43,PM2.5,21,6,49
1/18/2018,253,253,93,317,170,114,224,16,10,28,9,7,14,5,2,17,37,22,90,12,3,47,PM2.5,22,7,35
1/19/2018,120,120,68,192,117,94,139,28,27,30,14,14,14,6,1,10,34,23,62,13,4,24,PM2.5,22,6,39
1/20/2018,106,95,54,193,106,78,145,28,26,30,14,14,14,6,1,8,33,19,40,22,3,42,PM10,22,7,43
1/21/2018,130,123,67,232,130,91,198,30,27,36,14,14,15,5,1,10,35,8,103,18,2,42,PM10,23,8,50
1/22/2018,205,205,73,367,179,107,356,35,29,39,15,14,15,6,3,10,58,21,100,16,5,37,PM2.5,22,8,55
1/23/2018,218,218,80,320,173,92,271,36,32,41,14,14,15,7,3,12,44,9,110,14,3,31,PM2.5,21,7,50
1/24/2018,57,57,31,82,54,31,77,30,27,34,14,14,14,5,1,8,25,18,43,18,4,37,PM2.5,18,6,80
1/25/2018,62,56,34,85,62,34,97,30,28,32,14,14,14,6,2,10,28,19,50,19,5,41,PM10,19,6,64
1/26/2018,83,69,35,119,83,60,118,29,27,30,14,14,14,6,2,9,31,19,37,15,4,30,PM10,20,7,60
1/27/2018,112,108,84,164,112,92,138,28,27,30,14,14,14,4,1,8,26,22,32,16,3,33,PM10,21,7,65
1/28/2018,91,80,22,145,91,46,132,28,27,29,14,14,14,6,1,11,32,24,44,13,4,28,PM10,21,8,68
1/29/2018,65,59,29,85,65,35,97,28,26,29,14,14,14,7,1,11,36,31,43,14,2,24,PM10,22,8,64
1/30/2018,91,76,53,100,91,62,115,28,26,34,14,14,14,5,1,8,29,26,50,16,3,26,PM10,23,9,60
1/31/2018,107,104,72,173,107,67,130,32,30,34,14,14,14,6,1,10,32,25,44,12,3,25,PM10,23,10,54
2/1/2018,88,88,70,131,86,61,107,35,32,39,14,14,15,6,3,10,33,22,41,10,2,27,PM2.5,23,9,45
2/2/2018,81,55,38,80,81,55,105,32,22,36,14,14,15,6,1,13,22,11,37,9,3,23,PM10,22,10,40
2/3/2018,103,72,25,98,103,73,157,24,10,40,6,1,14,6,1,13,22,5,63,12,4,18,PM10,22,9,42
2/4/2018,112,99,54,163,112,87,147,40,39,40,2,1,2,8,2,13,27,15,34,8,3,17,PM10,23,9,43
2/5/2018,106,84,38,192,106,61,167,40,40,40,2,1,2,6,2,11,34,5,46,7,4,16,PM10,23,8,40
2/6/2018,152,77,37,108,152,76,478,40,40,40,2,1,2,6,1,15,25,16,55,9,3,13,PM10,22,7,38
2/7/2018,105,76,33,136,105,71,148,40,40,40,2,1,2,6,1,13,32,17,44,6,4,15,PM10,22,8,34
2/8/2018,115,100,53,263,115,83,194,40,40,40,2,1,2,6,2,10,39,19,49,7,2,14,PM10,23,8,36
2/9/2018,108,95,54,196,108,79,159,40,40,40,2,1,2,7,1,16,36,14,50,5,2,13,PM10,23,7,48
2/10/2018,134,121,44,329,134,82,308,40,40,40,1,1,2,9,1,19,54,17,86,6,2,10,PM10,23,8,43
2/11/2018,105,76,45,99,105,69,145,40,39,40,2,1,2,9,1,31,40,8,72,6,3,10,PM10,22,8,45
2/12/2018,106,93,24,225,106,49,179,40,39,40,2,1,2,7,1,25,28,8,41,6,3,13,PM10,23,8,50
2/13/2018,47,35,23,52,47,21,73,40,39,40,1,1,2,6,1,17,32,7,50,6,2,13,PM10,24,9,38
2/14/2018,40,27,11,35,31,24,39,40,40,40,2,1,2,8,1,25,30,1,54,8,2,13,NO2,23,9,39
2/15/2018,59,53,11,191,59,22,104,40,39,40,2,1,2,8,2,26,36,1,61,6,2,11,PM10,23,10,54
2/16/2018,74,62,32,113,74,41,120,40,39,40,2,1,2,9,1,25,33,8,46,6,2,15,PM10,25,10,55
2/17/2018,88,75,49,107,88,63,111,40,39,40,2,1,2,9,1,28,32,9,40,6,3,13,PM10,25,9,56
2/18/2018,94,76,38,122,94,65,118,40,39,40,1,1,2,8,1,24,38,5,50,6,2,10,PM10,26,10,55
2/19/2018,94,72,40,119,94,74,131,40,39,40,2,1,2,37,6,46,6,3,8,7,3,16,PM10,26,10,50
2/20/2018,112,89,38,171,112,71,150,40,39,40,2,1,2,7,2,28,42,5,80,9,2,19,PM10,28,11,47
2/21/2018,136,121,50,187,136,86,217,40,39,40,2,1,2,9,1,32,42,29,77,9,4,31,PM10,27,11,50
2/22/2018,107,83,43,128,107,69,135,39,39,40,2,1,2,10,2,33,39,20,72,7,2,25,PM10,27,12,55
2/23/2018,101,75,61,95,101,68,130,40,39,40,1,1,2,11,1,34,40,11,80,6,2,17,PM10,28,11,50
2/24/2018,89,58,12,143,89,26,151,40,39,40,2,1,2,8,1,35,32,10,78,8,3,25,PM10,26,11,70
2/25/2018,59,37,24,50,59,33,89,40,39,40,2,1,2,7,1,22,26,10,75,8,2,21,PM10,26,12,67
2/26/2018,63,47,27,78,63,43,89,40,39,40,2,1,2,9,1,30,33,8,72,9,3,25,PM10,26,13,65
2/27/2018,77,56,17,83,77,53,109,39,39,40,2,1,2,10,1,30,37,5,70,9,2,28,PM10,27,13,66
2/28/2018,91,69,29,92,91,56,112,39,39,40,1,1,2,10,1,34,39,10,74,8,3,24,PM10,27,15,60
3/1/2018,89,64,36,89,89,61,120,39,39,40,2,1,2,10,1,29,39,6,68,8,2,22,PM10,26,14,50
3/2/2018,72,46,24,81,72,49,101,39,39,40,2,1,2,10,1,29,36,12,70,7,4,24,PM10,25,13,43
3/3/2018,53,36,13,60,53,36,98,39,39,40,2,1,2,10,2,38,31,1,93,6,3,26,PM10,24,15,43
3/4/2018,45,30,14,43,45,28,63,40,39,40,2,1,2,6,1,16,25,9,47,8,4,18,PM10,25,14,45
3/5/2018,56,41,12,72,56,31,80,40,39,40,2,1,2,9,1,28,30,7,61,4,2,20,PM10,27,13,51
3/6/2018,58,50,13,148,58,28,79,40,39,40,2,1,2,10,2,34,30,4,78,6,3,19,PM10,27,14,45
3/7/2018,66,49,11,89,66,30,104,40,39,40,2,1,2,10,2,33,35,1,76,8,4,14,PM10,28,14,40
3/8/2018,84,68,28,95,84,52,109,38,25,40,2,1,2,11,1,37,38,3,76,6,2,16,PM10,28,15,41
3/9/2018,70,48,7,74,70,38,108,23,8,25,1,1,2,10,2,39,33,1,81,4,3,17,PM10,29,15,35
3/10/2018,66,51,25,73,66,43,91,28,27,34,2,1,6,11,6,25,14,8,67,8,3,18,PM10,31,16,32
3/11/2018,79,64,33,111,79,49,109,27,26,28,2,1,2,11,2,38,28,10,56,5,2,10,PM10,29,16,33
3/12/2018,74,63,21,99,74,40,108,27,26,28,2,1,2,13,1,49,37,9,71,3,1,11,PM10,30,15,30
3/13/2018,89,89,39,271,79,37,168,26,25,28,2,1,2,15,1,51,50,22,99,4,2,12,PM2.5,30,16,32
3/14/2018,127,127,40,219,110,65,198,27,25,28,2,1,2,17,2,59,45,20,85,3,2,11,PM2.5,31,15,30
3/15/2018,131,125,45,247,131,71,270,27,26,28,2,1,2,13,1,49,34,11,48,5,1,10,PM10,32,16,30
3/16/2018,78,63,28,89,78,45,110,27,26,28,2,1,2,12,1,37,20,6,41,6,2,9,PM10,32,16,38
3/17/2018,53,53,25,88,48,22,78,27,26,29,2,1,2,13,1,47,22,7,49,8,3,10,PM2.5,33,15,40
3/18/2018,56,56,13,89,54,21,90,27,26,28,2,1,2,14,1,45,18,5,38,5,4,13,PM2.5,34,17,36
3/19/2018,59,59,20,94,48,16,88,27,26,29,2,1,2,14,1,49,10,3,17,6,2,14,PM2.5,34,16,35
3/20/2018,91,91,35,235,88,36,210,26,8,32,2,1,7,13,1,48,6,5,7,9,2,29,PM2.5,36,17,19
3/21/2018,110,108,61,235,110,68,189,26,8,28,2,1,2,15,5,42,24,5,30,9,5,16,PM10,35,16,14
3/22/2018,100,86,46,128,100,41,181,17,13,33,1,1,2,12,2,33,34,8,75,8,6,12,PM10,35,17,20
3/23/2018,60,60,28,96,58,24,98,15,8,17,1,1,1,9,2,29,27,5,100,7,2,16,PM2.5,34,17,25
3/24/2018,60,52,24,78,60,22,85,16,15,18,1,1,1,9,5,16,22,5,50,6,3,12,PM10,35,18,22
3/25/2018,86,75,37,111,86,67,107,16,14,17,1,1,1,8,6,12,26,1,65,9,2,17,PM10,35,18,26
3/26/2018,94,87,55,169,94,70,134,16,11,33,1,1,1,7,1,16,20,2,50,9,2,26,PM10,36,17,30
3/27/2018,87,80,35,99,87,46,110,17,15,43,1,1,2,6,1,12,22,2,40,10,3,20,PM10,35,18,35
3/28/2018,65,59,31,110,65,32,103,16,12,17,1,1,1,9,1,17,20,10,56,8,2,16,PM10,36,19,32
3/29/2018,68,62,25,94,68,24,124,15,8,17,1,1,1,9,2,26,28,5,110,5,1,13,PM10,37,18,34
3/30/2018,64,62,29,78,64,40,85,16,15,17,1,1,1,10,3,20,16,1,60,9,1,29,PM10,37,19,30
3/31/2018,70,65,45,84,70,54,87,16,10,17,1,1,1,8,2,16,33,8,79,8,2,14,PM10,37,19,32
4/1/2018,72,66,39,75,72,52,87,16,14,17,1,1,1,5,1,13,48,16,84,8,4,26,PM10,35,19,33
4/2/2018,87,58,21,91,87,64,113,15,4,17,1,1,1,9,1,29,41,1,107,7,3,13,PM10,38,20,35
4/3/2018,108,74,48,107,108,79,142,16,15,17,1,1,1,8,2,14,34,10,78,10,4,24,PM10,38,23,31
4/4/2018,97,75,44,109,97,66,121,16,15,17,1,1,1,7,3,13,14,1,83,8,5,18,PM10,38,22,24
4/5/2018,86,63,25,79,86,50,118,15,6,17,1,1,1,7,2,20,22,7,78,11,2,35,PM10,38,23,24
4/6/2018,70,17,1,67,70,17,101,15,8,17,1,1,1,8,1,20,57,14,111,12,6,28,PM10,38,23,27
4/7/2018,50,49,5,153,30,5,66,10,4,18,1,1,1,7,3,13,50,25,68,11,7,18,CO,37,21,37
4/8/2018,40,16,1,57,40,20,66,16,15,17,1,1,1,6,2,8,36,25,45,9,2,17,PM10,37,23,38
4/9/2018,43,23,8,47,43,23,60,15,2,17,1,1,1,6,4,18,22,22,37,15,3,55,PM10,36,22,39
4/10/2018,60,43,8,130,60,36,105,15,11,17,1,1,1,11,4,38,43,22,73,14,7,34,PM10,35,24,36
4/11/2018,69,21,3,50,69,21,103,16,13,18,1,1,1,6,2,20,35,14,83,25,5,60,PM10,32,20,49
4/12/2018,77,72,4,500,77,36,111,16,16,17,1,1,1,3,1,5,31,17,48,26,2,65,PM10,33,20,38
4/13/2018,96,81,9,190,96,33,147,15,12,17,1,1,1,30,2,103,75,3,112,13,3,21,PM10,35,21,20
4/14/2018,79,74,30,121,79,44,132,8,5,10,1,1,1,23,2,105,48,36,121,14,9,28,PM10,37,23,17
4/15/2018,116,116,56,286,66,38,103,5,1,15,1,1,1,22,4,95,41,28,70,11,5,30,PM2.5,38,24,15
4/16/2018,110,110,46,286,62,39,103,6,2,15,1,1,1,21,3,85,43,28,58,21,2,56,PM2.5,36,11,24
4/17/2018,96,96,40,180,78,38,125,7,4,17,1,1,1,19,5,78,38,24,49,17,2,27,PM2.5,35,12,26
4/18/2018,99,72,21,347,99,3,265,7,3,16,2,1,3,4,2,11,34,16,111,22,4,62,PM10,36,13,25
4/19/2018,84,35,3,142,84,56,113,6,2,18,2,1,2,7,3,11,44,3,59,14,5,33,PM10,35,18,24
4/20/2018,71,34,1,83,71,41,105,16,16,17,1,1,1,6,4,8,6,4,8,11,7,18,PM10,33,17,23
4/21/2018,55,40,23,53,55,33,68,16,16,17,1,1,1,7,4,10,34,8,63,11,2,20,PM10,34,20,28
4/22/2018,53,42,23,54,53,33,67,16,16,17,1,1,1,6,4,9,38,17,60,13,4,19,PM10,35,18,25
4/23/2018,102,73,28,100,102,64,137,25,25,25,2,2,2,7,2,21,35,21,43,12,2,33,PM10,38,19,29
4/24/2018,110,84,38,145,110,73,145,25,25,25,2,2,2,7,3,15,32,26,67,14,4,34,PM10,39,20,25
4/25/2018,146,136,60,335,146,75,310,25,25,25,2,2,2,13,3,51,34,19,105,12,5,28,PM10,37,22,22
4/26/2018,172,172,74,303,159,94,243,25,25,25,2,2,2,23,2,58,43,21,85,14,8,34,PM2.5,39,24,20
4/27/2018,171,161,74,259,171,96,237,25,25,25,2,2,2,10,4,31,43,15,68,16,7,35,PM10,40,27,19
4/28/2018,160,151,86,228,160,126,194,25,25,25,2,2,2,12,4,29,38,23,54,12,6,33,PM10,42,28,23
4/29/2018,152,142,94,240,152,125,200,25,25,25,2,2,2,18,5,59,38,21,54,10,4,24,PM10,43,26,28
4/30/2018,171,171,96,272,159,115,202,25,25,25,2,2,2,11,5,25,44,19,54,14,5,23,PM2.5,42,27,24
5/1/2018,153,134,85,304,153,102,261,25,25,25,2,2,2,8,4,26,32,6,123,11,9,54,PM10,43,26,26
5/2/2018,164,122,68,319,164,114,478,25,25,25,2,1,3,7,3,13,36,24,70,12,6,28,PM10,41,28,27
5/3/2018,125,83,33,200,125,74,337,25,25,25,2,2,2,10,4,24,39,22,66,11,7,18,PM10,40,28,25
5/4/2018,139,104,62,176,139,67,193,25,25,25,2,2,2,8,5,18,42,24,68,9,4,17,PM10,40,27,24
5/5/2018,126,122,14,183,126,86,169,25,25,26,2,2,2,11,2,54,35,20,75,15,8,55,PM10,39,27,26
5/6/2018,138,136,66,274,138,84,206,25,23,29,2,2,2,12,6,28,51,45,66,23,7,78,PM10,38,26,28
5/7/2018,91,79,46,150,91,62,127,24,22,28,2,1,2,11,7,18,50,46,52,25,14,34,PM10,37,26,27
5/8/2018,89,83,46,160,89,62,129,23,18,30,1,1,2,9,2,17,12,6,50,26,12,65,PM10,38,25,26
5/9/2018,94,82,32,201,94,53,138,25,25,26,2,2,2,15,3,55,15,2,28,26,14,51,PM10,36,24,28
5/10/2018,161,161,60,351,130,56,264,25,25,26,2,2,2,23,2,78,26,2,42,39,12,58,PM2.5,39,26,20
5/11/2018,214,214,73,313,143,89,195,25,25,26,2,2,2,16,2,34,24,2,54,36,25,45,PM2.5,40,27,
5/12/2018,272,272,75,361,191,118,283,25,25,25,2,2,2,26,3,65,59,16,94,22,22,37,PM2.5,40,28,
5/13/2018,105,105,30,271,94,42,187,22,19,28,2,1,3,26,1,51,33,15,70,43,22,73,PM2.5,41,27,
5/14/2018,142,142,35,301,91,39,144,24,18,29,1,1,2,13,3,24,34,16,42,35,14,83,PM2.5,40,26,
5/15/2018,97,97,35,197,86,39,132,25,24,26,2,1,2,15,2,24,54,16,70,31,17,48,PM2.5,41,28,23
5/16/2018,234,234,94,440,128,103,151,24,22,28,3,1,5,16,3,32,30,15,41,32,10,50,PM2.5,40,28,18
5/17/2018,269,269,143,306,158,121,178,25,25,25,2,2,2,17,1,64,33,26,49,35,12,52,PM2.5,41,27,16
5/18/2018,269,269,106,350,182,130,251,25,25,25,2,2,2,24,1,69,37,15,84,36,16,51,PM2.5,40,28,14
5/19/2018,217,217,105,301,146,126,172,25,24,25,2,1,2,19,1,73,32,19,74,31,10,36,PM2.5,41,28,14
5/20/2018,263,263,141,479,152,93,241,25,24,26,2,2,2,17,4,42,30,15,58,20,10,38,PM2.5,41,29,10
5/21/2018,204,204,106,300,119,75,152,25,25,25,2,2,2,16,2,65,29,17,52,19,11,42,PM2.5,42,29,8
5/22/2018,204,204,115,267,130,94,158,25,25,25,2,2,2,18,1,101,28,16,52,16,12,45,PM2.5,42,30,10
5/23/2018,204,204,67,500,134,111,171,25,24,25,2,2,2,24,4,100,35,2,67,24,13,46,PM2.5,43,30,7
5/24/2018,159,159,34,301,129,78,169,25,24,25,2,2,2,17,4,52,32,8,49,26,16,48,PM2.5,42,31,12
5/25/2018,141,141,22,309,121,69,187,22,5,25,2,2,2,18,7,34,33,12,58,26,10,42,PM2.5,41,30,12
5/26/2018,166,166,78,310,141,102,219,6,5,6,2,2,2,38,5,126,43,16,72,24,9,43,PM2.5,42,31,14
5/27/2018,230,230,85,321,164,100,220,7,5,19,2,2,3,33,1,68,43,7,105,23,8,41,PM2.5,42,30,9
5/28/2018,257,257,133,313,199,135,269,10,4,35,2,2,6,21,10,38,30,5,96,24,11,30,PM2.5,43,32,11
5/29/2018,225,225,91,402,174,109,266,8,3,39,2,2,3,25,12,55,44,15,57,21,6,29,PM2.5,44,31,15
5/30/2018,232,232,150,330,188,154,243,6,4,10,2,2,2,22,3,55,34,14,73,22,12,46,PM2.5,45,32,18
5/31/2018,176,176,61,322,167,137,198,6,4,8,2,1,3,15,3,26,39,11,72,23,14,45,PM2.5,44,31,28
6/1/2018,222,222,99,311,179,148,222,7,4,16,3,2,4,19,3,58,34,10,73,25,10,40,PM2.5,43,32,30
6/2/2018,162,121,26,332,162,52,500,8,3,18,2,1,4,24,1,61,33,15,45,28,9,42,PM10,43,30,31
6/3/2018,117,104,49,257,117,89,145,9,2,23,2,2,3,8,1,14,34,15,49,19,9,35,PM10,43,32,30
6/4/2018,174,174,88,359,140,112,163,8,2,18,3,2,5,13,1,28,37,19,42,24,8,43,PM2.5,42,33,31
6/5/2018,191,191,37,359,141,112,165,8,2,19,2,1,2,14,1,28,6,19,87,26,7,42,PM2.5,42,33,32
6/6/2018,110,107,24,243,110,57,276,9,2,47,4,2,18,16,1,48,25,15,50,27,8,38,PM10,41,34,33
6/7/2018,105,105,40,254,101,65,138,6,4,13,2,2,3,18,3,36,39,19,52,22,9,49,PM2.5,40,33,35
6/8/2018,169,169,30,255,128,9,184,9,4,91,2,2,2,22,7,56,42,14,93,23,8,47,PM2.5,41,32,40
6/9/2018,105,79,21,176,105,45,176,29,12,73,2,1,8,18,2,52,29,10,42,24,7,42,PM10,40,32,45
6/10/2018,108,100,41,233,108,75,138,24,6,54,2,1,4,28,4,60,31,22,56,26,5,40,PM10,42,33,35
6/11/2018,113,100,49,183,113,72,145,25,7,66,2,1,3,18,4,34,25,17,60,24,8,39,PM10,44,32,20
6/12/2018,139,114,39,300,139,108,207,24,8,54,2,2,2,27,3,61,36,12,49,14,4,32,PM10,45,33,18
6/13/2018,163,115,31,238,163,114,358,23,7,45,2,2,2,25,11,53,30,16,47,18,4,38,PM10,47,34,15
6/14/2018,486,419,150,500,486,222,500,19,8,28,2,1,3,14,1,34,27,14,46,22,7,40,PM10,46,33,20
6/15/2018,344,344,146,500,290,120,450,22,2,44,2,1,3,32,4,100,22,7,97,21,8,45,PM2.5,44,32,24
6/16/2018,364,293,13,500,364,181,500,74,3,108,2,1,5,26,2,71,51,8,123,23,9,46,PM10,42,30,29
6/17/2018,141,141,47,313,128,60,264,25,4,60,5,1,16,13,3,21,40,6,112,25,7,40,PM2.5,40,31,30
6/18/2018,134,89,48,168,134,116,155,23,6,55,4,1,37,14,1,28,26,10,74,18,10,58,PM10,39,29,34
6/19/2018,138,90,43,166,138,115,150,34,8,69,1,1,11,11,1,30,21,8,45,28,10,40,PM10,42,30,25
6/20/2018,144,90,32,179,144,103,194,22,2,44,3,1,4,21,3,56,37,10,105,16,10,59,PM10,41,31,20
6/21/2018,124,88,40,216,124,65,225,32,9,61,3,2,4,17,2,27,10,1,103,33,9,79,PM10,43,32,16
6/22/2018,94,55,14,95,94,66,121,24,8,55,2,2,2,22,1,62,11,4,23,38,16,55,PM10,44,33,19
6/23/2018,120,120,49,192,113,69,208,16,13,19,1,1,1,14,7,33,12,2,31,31,8,45,PM2.5,42,32,30
6/24/2018,94,94,54,148,76,39,99,19,9,104,1,1,5,11,7,18,9,3,41,34,10,78,PM2.5,41,31,24
6/25/2018,115,105,57,158,115,64,172,17,6,36,1,1,1,11,2,20,12,6,38,34,8,63,PM10,43,33,20
6/26/2018,114,91,54,143,114,67,145,15,12,19,1,1,2,9,1,19,17,5,29,38,17,60,PM10,41,30,15
6/27/2018,100,86,46,128,100,41,181,17,13,33,1,1,2,12,2,33,34,8,75,42,10,78,PM10,41,31,30
6/28/2018,60,60,28,96,58,24,98,15,8,17,1,1,1,9,2,29,27,5,118,50,9,79,PM2.5,40,30,45
6/29/2018,60,52,24,78,60,22,85,16,15,18,1,1,1,9,5,16,22,5,63,67,8,88,PM10,37,28,70
6/30/2018,86,75,37,111,86,67,107,16,14,17,1,1,1,8,6,12,26,1,73,46,20,58,PM10,36,29,52
7/1/2018,94,87,55,169,94,70,134,16,11,33,1,1,1,7,1,16,18,2,47,30,21,56,PM10,36,28,55
7/2/2018,87,80,35,99,87,46,110,17,15,43,1,1,2,6,1,12,25,2,40,36,16,60,PM10,35,28,58
7/3/2018,65,60,31,112,65,32,103,16,12,17,1,1,1,9,1,17,18,10,58,53,17,81,PM10,35,27,60
7/4/2018,68,56,25,94,68,24,124,15,8,17,1,1,1,10,2,26,28,5,126,32,22,80,PM10,34,26,63
7/5/2018,64,58,29,86,64,40,85,16,15,17,1,1,1,10,3,20,16,1,59,51,3,75,PM10,38,28,42
7/6/2018,70,65,45,84,70,54,87,16,10,17,1,1,1,8,2,16,33,8,79,38,24,51,PM10,40,29,40
7/7/2018,72,60,39,75,72,52,87,16,14,17,1,1,1,5,1,13,48,16,84,31,19,47,PM10,41,30,31
7/8/2018,87,55,21,91,87,64,113,15,4,17,1,1,1,9,1,29,41,1,107,32,27,47,PM10,40,30,45
7/9/2018,108,74,48,107,108,79,142,16,15,17,1,1,1,8,2,14,34,10,78,35,18,46,PM10,40,31,50
7/10/2018,97,75,44,109,97,66,121,16,15,17,1,1,1,7,3,13,14,1,83,36,20,43,PM10,42,31,46
7/11/2018,86,63,25,79,86,50,118,15,6,17,1,1,1,7,2,20,22,7,78,31,19,48,PM10,40,30,52
7/12/2018,70,17,1,67,70,17,101,15,8,17,1,1,1,8,1,20,57,14,111,37,26,49,PM10,39,30,54
7/13/2018,50,49,5,153,30,5,66,10,4,18,1,1,1,7,3,13,50,25,68,32,22,40,CO,37,29,70
7/14/2018,40,16,1,57,40,20,66,16,15,17,1,1,1,6,2,8,36,25,45,36,25,45,PM10,38,29,54
7/15/2018,43,23,8,47,43,23,60,15,2,17,1,1,1,6,4,18,22,22,37,22,22,37,PM10,37,29,65
7/16/2018,60,43,8,130,60,36,105,15,11,17,1,1,1,11,4,38,43,22,73,43,22,73,PM10,38,28,62
7/17/2018,69,21,3,50,69,21,103,16,13,18,1,1,1,6,2,20,35,14,83,35,14,83,PM10,37,29,63
7/18/2018,77,72,4,500,77,36,111,16,16,17,1,1,1,3,1,5,31,17,48,31,17,48,PM10,36,28,61
7/19/2018,96,81,9,190,96,33,147,15,12,17,1,1,1,30,2,103,75,3,112,75,3,112,PM10,35,27,45
7/20/2018,79,74,30,121,79,44,132,8,5,10,1,1,1,23,2,105,48,36,121,48,36,121,PM10,33,28,50
7/21/2018,116,116,56,286,66,38,103,5,1,15,1,1,1,22,4,95,41,28,70,41,28,70,PM2.5,33,27,55
7/22/2018,110,110,46,286,62,39,103,6,2,15,1,1,1,21,3,85,43,28,58,43,28,58,PM2.5,35,27,49
7/23/2018,96,96,40,180,78,38,125,7,4,17,1,1,1,19,5,78,38,24,49,38,24,49,PM2.5,33,28,60
7/24/2018,99,72,21,347,99,3,265,7,3,16,2,1,3,4,2,11,34,16,111,34,16,102,PM10,34,27,62
7/25/2018,84,35,3,142,84,56,113,6,2,18,2,1,2,7,3,11,44,3,59,44,8,59,PM10,36,28,65
7/26/2018,71,34,1,83,71,41,105,16,16,17,1,1,1,6,4,8,6,4,8,42,7,69,PM10,32,27,79
7/27/2018,55,40,23,53,55,33,68,16,16,17,1,1,1,7,4,10,34,8,63,34,9,63,PM10,33,27,65
7/28/2018,53,42,23,54,53,33,67,16,16,17,1,1,1,6,4,9,38,17,60,38,17,60,PM10,34,28,50
7/29/2018,60,45,21,78,60,29,99,14,12,18,2,1,2,7,3,10,42,10,78,42,10,78,PM10,35,27,45
7/30/2018,55,50,20,97,55,25,88,15,11,17,1,1,2,6,2,9,50,9,79,50,9,79,PM10,36,26,51
7/31/2018,67,54,30,94,51,27,83,16,13,17,1,1,1,6,2,9,67,8,88,67,8,88,CO,38,28,50
8/1/2018,57,51,23,73,57,26,87,16,13,18,1,1,1,5,3,10,46,20,58,46,20,58,PM10,37,26,40
8/2/2018,95,68,48,91,95,65,129,17,16,17,1,1,1,5,3,7,30,21,56,30,21,56,PM10,36,25,39
8/3/2018,88,61,41,89,88,51,106,16,15,17,1,1,1,5,3,7,36,16,60,36,16,60,PM10,37,27,45
8/4/2018,87,81,48,300,87,70,133,17,16,17,1,1,1,5,3,9,53,17,81,53,17,81,PM10,36,26,45
8/5/2018,113,113,41,323,73,9,109,16,16,17,1,1,1,5,3,8,32,22,80,32,22,80,PM2.5,38,28,62
8/6/2018,51,43,14,179,34,10,71,17,16,17,1,1,1,13,1,15,51,3,75,51,3,75,CO,36,27,69
8/7/2018,45,21,12,31,18,8,32,16,16,17,1,1,1,14,9,25,45,32,104,45,32,104,CO,37,26,61
8/8/2018,39,25,14,48,39,14,72,17,16,17,1,1,1,7,1,16,23,2,76,23,2,76,PM10,36,27,62
8/9/2018,42,28,11,56,42,15,73,16,13,17,1,1,1,7,1,18,27,3,65,27,3,65,PM10,36,26,65
8/10/2018,56,41,19,94,56,24,105,16,16,17,1,1,1,24,6,38,38,6,79,38,6,79,PM10,35,27,63
8/11/2018,55,55,25,133,39,30,49,16,14,19,2,1,2,13,5,25,39,2,56,39,2,56,PM2.5,36,26,65
8/12/2018,54,30,12,54,54,19,111,16,14,18,1,1,1,13,1,29,31,1,58,31,1,58,PM10,35,27,68
8/13/2018,51,23,7,69,51,18,66,17,15,18,1,1,1,15,9,26,47,1,81,47,1,81,PM10,36,26,60
8/14/2018,85,23,9,38,50,32,86,16,3,20,1,1,1,14,3,22,58,41,103,58,41,103,CO,36,26,62
8/15/2018,46,27,11,41,46,26,74,16,9,21,1,1,1,14,2,31,43,16,95,43,16,95,PM10,35,27,68
8/16/2018,62,33,14,54,62,36,109,16,9,27,1,1,2,13,2,31,47,10,95,47,10,95,PM10,36,26,65
8/17/2018,78,35,10,65,55,27,92,15,9,24,1,1,1,20,11,46,78,28,101,78,28,101,CO,35,27,66
8/18/2018,58,31,8,57,58,23,81,16,9,21,1,1,1,21,10,35,44,24,101,44,24,101,PM10,36,27,66
8/19/2018,63,21,9,38,33,24,46,16,11,19,1,1,1,15,2,31,63,5,84,63,5,84,CO,35,26,65
8/20/2018,38,27,19,37,38,25,57,16,13,19,1,1,1,13,7,24,36,18,75,36,18,75,PM10,36,27,64
8/21/2018,50,27,10,43,46,19,71,16,16,17,1,1,1,16,2,28,50,16,92,50,16,92,CO,36,27,67
8/22/2018,68,35,19,59,51,21,100,16,16,17,1,1,1,13,2,27,68,10,90,68,10,90,CO,35,26,68
8/23/2018,38,20,7,41,27,10,45,17,16,17,1,1,1,13,9,19,38,20,70,38,20,70,CO,35,27,60
8/24/2018,56,25,5,40,46,20,74,15,6,17,1,1,2,12,2,33,56,13,83,56,13,83,CO,36,26,65
8/25/2018,38,22,11,46,38,23,55,16,11,17,1,1,1,6,3,13,12,5,58,12,5,58,PM10,36,27,68
8/26/2018,39,22,9,42,39,27,50,16,16,17,1,1,1,6,1,14,9,2,25,9,2,25,PM10,35,26,60
8/27/2018,41,27,15,49,41,36,53,16,15,17,1,1,1,6,1,15,17,2,29,17,2,29,PM10,36,26,62
8/28/2018,56,34,23,49,56,46,79,16,14,20,1,1,1,7,4,12,13,1,30,13,1,30,PM10,36,27,64
8/29/2018,47,34,19,56,47,24,64,16,12,21,1,1,1,4,1,8,8,1,31,8,1,31,PM10,36,26,62
8/30/2018,42,32,17,51,40,22,74,16,11,19,1,1,1,5,2,9,42,29,54,42,29,54,CO,36,26,68
8/31/2018,57,35,25,41,57,39,80,16,13,20,1,1,1,7,4,12,39,18,49,39,18,49,PM10,35,25,68
9/1/2018,57,33,22,50,57,40,83,17,14,37,1,1,3,7,1,17,34,27,47,34,27,47,PM10,36,26,69
9/2/2018,51,29,22,44,51,35,66,16,14,18,1,1,1,8,2,15,38,22,49,38,22,49,PM10,35,25,70
9/3/2018,48,35,16,119,48,33,86,15,1,18,1,1,1,10,3,29,36,20,43,36,20,43,PM10,34,26,72
9/4/2018,41,30,17,45,41,28,50,16,13,20,1,1,1,9,2,14,31,19,47,31,19,47,PM10,34,25,68
9/5/2018,46,36,19,61,46,32,87,16,13,18,1,1,1,6,1,12,37,26,49,37,26,49,PM10,35,25,69
9/6/2018,50,37,20,64,50,36,62,16,10,19,1,1,1,8,3,15,32,21,40,32,21,40,PM10,35,26,72
9/7/2018,46,32,19,46,46,31,67,16,14,23,1,1,1,8,2,16,42,28,55,42,28,55,PM10,34,26,75
9/8/2018,30,11,4,18,18,1,47,13,1,18,1,1,1,14,6,25,30,9,36,30,9,36,CO,34,25,70
9/9/2018,44,30,10,53,44,12,70,16,13,21,1,1,1,9,1,15,38,25,73,38,25,73,PM10,34,26,74
9/10/2018,37,24,11,38,29,12,49,16,10,18,1,1,1,11,6,23,37,23,47,37,23,47,CO,33,25,75
9/11/2018,30,26,15,44,26,19,36,20,11,36,2,1,5,8,2,18,30,27,45,30,27,45,CO,33,24,72
9/12/2018,37,32,22,61,32,17,67,34,30,39,5,5,6,9,3,18,37,24,41,37,24,41,CO,34,25,73
9/13/2018,47,25,18,36,47,29,87,35,29,38,5,5,5,21,5,94,33,18,51,33,18,51,PM10,33,24,68
9/14/2018,66,28,17,53,66,52,87,32,18,77,5,4,7,10,4,109,24,11,68,24,11,68,PM10,34,25,65
9/15/2018,50,21,14,32,40,29,57,30,25,39,6,6,7,6,2,23,50,8,59,50,8,59,CO,34,24,62
9/16/2018,50,23,11,47,30,20,39,30,25,32,6,6,7,4,3,6,50,46,54,50,46,54,CO,35,24,50
9/17/2018,52,26,16,56,29,23,47,30,26,33,6,6,7,4,2,7,52,46,54,52,46,54,CO,34,23,55
9/18/2018,66,66,14,91,65,1,125,29,16,35,6,5,6,5,3,8,42,12,60,42,12,60,PM2.5,35,23,52
9/19/2018,83,77,35,121,83,59,102,31,15,38,5,4,8,5,2,11,24,15,50,24,15,50,PM10,34,23,55
9/20/2018,109,107,71,192,109,77,135,25,14,31,6,3,9,7,4,15,43,10,63,43,10,63,PM10,36,22,48
9/21/2018,129,129,67,198,108,80,131,22,12,26,8,4,11,7,2,14,40,28,59,40,28,59,PM2.5,35,23,50
9/22/2018,60,53,25,86,60,29,89,18,10,21,5,3,8,10,1,21,40,26,72,40,26,72,PM10,34,22,55
9/23/2018,55,55,20,78,51,24,78,18,12,22,6,4,9,6,3,10,31,24,45,31,24,45,PM2.5,33,22,60
9/24/2018,51,40,16,56,51,24,72,16,10,18,6,2,10,7,4,12,24,10,35,24,10,35,PM10,34,23,62
9/25/2018,36,25,10,69,36,9,77,14,8,16,5,1,8,7,4,13,27,16,44,27,16,44,PM10,30,22,76
9/26/2018,44,44,12,70,41,19,67,26,26,36,5,4,13,6,1,13,28,11,38,28,11,38,PM2.5,31,23,70
9/27/2018,79,79,38,138,69,40,105,28,23,37,4,4,5,6,1,16,39,20,53,39,20,53,PM2.5,32,22,62
9/28/2018,132,132,30,434,109,52,281,28,26,63,4,4,5,9,1,32,34,14,61,34,14,61,PM2.5,33,23,65
9/29/2018,42,30,15,48,31,12,59,27,26,53,4,4,4,42,19,98,35,23,84,35,23,84,SO2,33,22,60
9/30/2018,28,23,7,45,21,12,39,26,26,26,4,4,4,20,5,40,28,20,57,28,20,65,CO,34,23,49
10/1/2018,48,36,18,47,32,20,44,26,25,27,4,4,4,41,4,116,48,19,96,48,19,96,CO,33,21,40
10/2/2018,46,33,12,52,37,27,47,26,26,26,4,4,4,35,8,78,46,16,100,46,16,70,CO,32,22,42
10/3/2018,52,38,11,58,34,25,54,26,26,26,4,4,4,45,10,75,52,8,109,38,11,61,CO,33,21,45
10/4/2018,68,40,14,78,39,30,73,26,26,26,4,4,4,68,4,123,52,16,105,25,12,44,SO2,32,22,42
10/5/2018,52,37,14,64,39,31,63,26,26,26,4,4,4,40,5,78,52,11,91,26,8,42,CO,33,22,36
10/6/2018,80,77,39,131,80,34,104,26,25,28,4,4,4,22,2,68,44,6,103,22,8,35,PM10,32,22,45
10/7/2018,109,109,32,180,109,75,122,26,22,33,5,4,18,10,2,27,40,6,100,18,8,45,PM2.5,32,23,45
10/8/2018,122,122,28,266,108,55,170,28,26,76,5,4,18,10,4,23,47,2,89,14,9,35,PM2.5,31,21,42
10/9/2018,137,130,60,309,137,96,189,28,23,83,4,4,5,13,5,20,48,4,119,16,7,26,PM10,32,22,43
10/10/2018,161,161,63,267,118,101,134,15,13,26,5,4,5,15,6,34,95,46,102,11,9,18,PM2.5,32,22,48
10/11/2018,126,126,53,237,100,59,151,14,13,25,5,5,5,17,8,35,33,25,100,17,8,33,PM2.5,33,21,45
10/12/2018,109,109,48,207,81,44,123,14,14,21,5,5,5,13,9,22,30,15,79,18,2,52,PM2.5,32,21,40
10/13/2018,70,70,37,94,57,31,74,14,13,16,5,5,5,11,8,23,37,3,60,14,1,49,PM2.5,31,22,38
10/14/2018,94,94,45,167,77,46,103,14,12,14,5,5,5,11,7,19,44,6,58,14,5,36,PM2.5,32,21,39
10/15/2018,93,93,65,153,83,58,112,14,13,15,5,5,5,10,8,12,24,2,68,12,8,23,PM2.5,32,20,30
10/16/2018,143,143,29,289,106,73,147,14,13,14,5,5,5,14,9,43,56,9,96,11,8,14,PM2.5,32,21,29
10/17/2018,125,125,65,191,104,79,128,14,13,19,5,5,5,25,11,61,51,7,76,11,8,23,PM2.5,32,20,34
10/18/2018,194,194,92,267,125,93,155,14,13,17,5,5,5,18,12,35,48,37,115,11,8,16,PM2.5,31,21,36
10/19/2018,118,118,71,180,92,61,123,14,14,16,6,5,11,12,8,18,37,1,105,14,9,23,PM2.5,33,21,30
10/20/2018,145,145,69,227,92,51,129,14,13,14,10,10,11,10,8,14,49,16,74,12,9,23,PM2.5,32,20,29
10/21/2018,100,100,47,171,76,55,104,14,14,15,11,10,11,11,8,20,24,10,75,19,11,37,PM2.5,31,20,25
10/22/2018,165,165,50,298,98,47,128,14,14,14,10,10,11,11,9,18,34,1,65,22,14,30,PM2.5,32,20,26
10/23/2018,148,148,74,221,106,72,136,14,13,14,11,10,11,17,8,33,62,5,82,12,7,35,PM2.5,31,19,24
10/24/2018,138,138,57,240,91,58,129,13,12,15,10,10,11,18,2,52,59,28,89,12,9,28,PM2.5,31,19,25
10/25/2018,124,124,64,233,84,52,121,13,13,14,11,10,11,14,1,49,53,30,106,14,8,18,PM2.5,31,19,28
10/26/2018,146,146,67,229,100,55,133,14,13,17,11,10,11,14,5,36,45,36,103,10,7,17,PM2.5,32,20,30
10/27/2018,167,167,74,248,124,83,194,14,13,17,10,10,11,12,8,23,61,17,73,19,7,64,PM2.5,31,21,38
10/28/2018,160,160,71,245,112,83,145,13,11,19,10,10,11,11,8,14,27,18,71,14,7,32,PM2.5,30,20,35
10/29/2018,197,197,39,311,123,74,163,14,13,19,10,10,11,11,8,23,43,24,67,14,12,19,PM2.5,31,19,39
10/30/2018,182,182,31,311,115,57,151,14,13,15,10,10,11,11,8,16,44,24,74,14,11,19,PM2.5,31,20,35
10/31/2018,113,113,41,212,98,60,137,15,13,32,10,10,11,14,9,23,37,24,79,14,11,20,PM2.5,30,19,43
11/1/2018,135,135,24,251,104,62,128,14,13,14,10,10,10,12,9,23,38,21,70,13,9,22,PM2.5,30,19,42
11/2/2018,114,114,30,302,101,58,193,14,13,16,10,10,11,19,11,37,28,8,109,14,8,23,PM2.5,29,18,41
11/3/2018,52,52,4,89,52,22,98,14,12,15,10,8,12,22,14,30,29,18,53,12,7,28,PM10,28,19,40
11/4/2018,91,77,7,126,91,28,403,15,12,17,9,7,11,12,7,35,15,4,71,14,9,20,PM10,29,18,43
11/5/2018,92,92,26,139,83,36,242,14,13,14,10,10,10,12,7,28,29,6,56,11,4,34,PM2.5,27,17,45
11/6/2018,126,126,57,195,88,44,113,14,13,14,10,10,10,10,2,12,22,6,34,12,2,25,PM2.5,28,18,45
11/7/2018,139,139,50,248,102,61,133,14,13,14,10,10,11,10,7,17,14,2,51,11,4,24,PM2.5,28,17,33
11/8/2018,170,170,37,355,153,1,452,26,14,82,10,10,11,19,7,64,69,2,104,13,5,26,PM2.5,27,17,30
11/9/2018,164,79,42,141,164,86,264,14,13,14,10,10,11,14,7,32,12,8,34,16,10,30,PM10,28,18,32
11/10/2018,169,77,52,81,169,117,264,14,11,14,10,10,10,14,12,19,13,8,36,18,9,29,PM10,29,17,30
11/11/2018,118,77,52,92,118,81,163,14,13,17,10,10,11,14,11,19,12,7,34,17,8,28,PM10,28,18,35
11/12/2018,120,79,78,92,120,69,163,14,13,17,10,10,11,14,11,20,11,6,28,21,10,37,PM10,27,17,32
11/13/2018,123,70,39,110,123,69,168,14,12,16,10,9,11,13,9,22,14,8,29,16,8,37,PM10,27,18,39
11/14/2018,110,90,40,210,110,70,199,13,12,15,10,8,12,14,8,23,13,7,25,14,9,31,PM10,28,17,35
11/15/2018,92,92,26,139,83,36,242,14,13,14,10,10,10,12,7,28,29,6,56,21,11,29,PM2.5,27,17,39
11/16/2018,45,45,23,52,42,42,42,16,13,6+2,11,10,15,14,9,20,22,6,40,13,8,47,PM2.5,28,16,30
11/17/2018,101,75,61,95,101,68,130,40,39,40,1,1,2,11,1,34,40,11,80,18,7,40,PM10,29,17,25
11/18/2018,117,103,43,193,117,51,172,14,13,14,11,10,11,12,2,25,12,5,51,21,7,47,PM10,28,18,24
11/19/2018,113,90,41,169,113,83,138,14,13,15,10,10,11,11,4,24,9,3,27,17,8,45,PM10,28,17,29
11/20/2018,118,104,32,195,118,76,176,14,13,16,11,10,11,9,2,18,17,2,30,20,7,40,PM10,29,18,31
11/21/2018,93,65,30,173,93,56,115,14,13,14,11,10,11,6,1,15,13,2,28,19,8,43,PM10,28,17,30
11/22/2018,107,86,28,245,107,45,176,14,13,23,11,10,11,7,2,15,8,1,31,17,7,40,PM10,29,17,28
11/23/2018,125,83,42,168,125,74,165,14,13,16,10,10,11,8,1,17,38,24,51,18,7,32,PM10,27,16,29
11/24/2018,76,44,27,129,76,45,104,14,13,14,10,10,11,9,2,18,31,19,47,18,7,40,PM10,28,17,24
11/25/2018,103,64,26,142,103,49,149,15,13,41,11,10,12,10,4,21,32,27,47,10,5,41,PM10,28,15,28
11/26/2018,161,147,31,384,161,107,233,17,13,75,11,9,15,11,1,20,35,18,46,15,5,43,PM10,27,16,30
11/27/2018,138,98,34,191,138,65,211,14,13,14,10,10,11,11,5,19,36,20,43,12,8,47,PM10,27,16,20
11/28/2018,144,76,29,168,144,106,205,14,13,16,10,10,11,12,4,12,31,19,48,13,8,24,PM10,26,15,24
11/29/2018,121,86,35,201,121,87,168,14,13,30,11,10,11,12,7,27,37,26,49,22,8,42,PM10,27,16,25
11/30/2018,102,80,29,207,102,66,134,14,13,14,10,10,11,11,2,12,32,22,40,18,8,42,PM10,26,15,29
12/1/2018,93,54,26,180,93,49,133,14,13,18,10,9,11,10,7,17,18,10,28,16,8,37,PM10,26,16,30
12/2/2018,130,92,27,229,130,54,173,14,13,14,10,10,11,20,7,39,28,9,36,14,9,31,PM10,25,15,33
12/3/2018,105,58,30,159,105,73,133,14,13,14,11,10,11,14,7,32,25,18,32,18,9,37,PM10,24,14,35
12/4/2018,94,60,30,123,94,73,117,14,13,14,11,10,11,13,8,19,28,23,45,19,9,41,PM10,25,15,36
12/5/2018,122,73,34,142,122,96,172,13,13,14,10,10,11,14,11,22,34,26,47,26,8,46,PM10,24,13,39
12/6/2018,114,68,30,142,114,75,139,13,13,14,10,10,11,13,5,25,28,20,41,37,9,46,PM10,24,12,40
12/7/2018,133,87,49,216,133,104,202,13,13,14,10,10,11,14,2,29,28,12,55,16,8,36,PM10,23,13,43
12/8/2018,104,68,29,152,104,86,125,13,13,14,10,10,11,15,9,26,36,15,58,16,8,35,PM10,23,12,40
12/9/2018,109,66,29,130,109,85,131,13,13,14,11,10,11,14,4,24,32,9,49,13,7,23,PM10,22,13,42
12/10/2018,133,85,32,204,133,64,157,13,13,14,10,10,11,18,2,32,26,10,38,11,7,29,PM10,22,12,46
12/11/2018,86,54,29,94,86,44,139,14,13,19,10,10,11,15,3,28,28,12,39,9,7,16,PM10,23,13,35
12/12/2018,99,59,28,165,99,48,151,13,13,14,10,10,11,20,9,46,30,11,41,11,7,13,PM10,22,13,30
12/13/2018,64,47,26,80,64,29,85,13,13,14,11,10,11,21,10,35,32,10,42,13,8,24,PM10,22,11,25
12/14/2018,42,40,26,72,42,21,65,13,13,14,10,10,10,12,6,28,38,18,55,14,8,22,PM10,21,11,22
12/15/2018,54,32,25,72,54,31,75,14,13,14,10,10,11,11,7,24,26,12,45,14,8,29,PM10,20,10,15
12/16/2018,70,43,26,88,70,42,104,14,13,24,10,10,11,5,6,12,28,14,38,16,8,31,PM10,21,11,20
12/17/2018,70,58,226,270,70,37,108,14,13,14,10,10,11,10,3,25,24,15,32,10,7,27,PM10,22,12,25
12/18/2018,109,53,9,327,109,85,134,14,13,14,10,10,11,7,4,20,24,18,34,14,9,31,PM10,24,13,24
12/19/2018,117,35,2,118,117,60,164,14,14,14,11,10,11,19,3,25,14,10,18,18,9,37,PM10,25,13,24
12/20/2018,132,104,52,241,132,83,184,14,13,14,11,10,11,11,8,19,18,12,22,19,9,41,PM10,26,14,30
12/21/2018,124,110,30,260,124,90,155,16,14,47,11,10,12,18,10,24,21,7,31,25,4,33,PM10,24,12,32
12/22/2018,135,102,47,180,135,102,178,14,14,14,10,10,11,13,3,51,22,18,68,11,3,24,PM10,23,12,33
12/23/2018,245,215,69,328,245,165,405,14,13,15,10,10,11,23,2,58,31,19,55,5,3,12,PM10,24,11,35
12/24/2018,170,170,54,311,158,108,224,14,14,14,10,10,11,10,4,31,38,15,57,10,3,25,PM2.5,22,10,36
12/25/2018,121,104,51,198,121,77,167,14,13,14,11,10,11,12,4,29,35,22,50,7,3,20,PM10,23,10,39
12/26/2018,130,115,51,198,130,105,167,14,13,14,10,10,11,18,5,59,38,21,55,19,3,25,PM10,22,11,43
12/27/2018,198,198,56,318,187,96,290,14,14,14,10,10,11,11,5,25,42,19,54,11,11,19,PM2.5,23,10,45
12/28/2018,150,108,52,204,150,104,411,14,14,14,10,10,11,8,4,26,32,6,99,10,3,26,PM10,21,11,46
12/29/2018,135,133,53,246,135,91,164,14,14,14,10,10,11,7,3,13,35,22,57,11,3,27,PM10,22,10,45
12/30/2018,151,150,48,315,151,85,216,14,14,14,10,10,11,10,4,24,39,20,67,7,3,26,PM10,21,9,40
12/31/2018,176,158,58,319,176,130,266,14,14,14,10,10,11,8,5,18,40,17,65,18,3,45,PM10,21,10,46
1/1/2019,149,125,54,229,149,119,198,14,14,16,10,7,11,11,2,48,35,18,58,9,5,24,PM10,20,9,50
1/2/2019,220,206,52,330,220,152,274,14,14,15,10,10,11,10,3,29,34,16,54,8,4,20,PM10,20,8,50
1/3/2019,141,122,47,238,141,92,182,14,12,14,10,8,11,11,4,28,28,11,48,10,6,28,PM10,19,7,51
1/4/2019,130,112,54,200,130,100,177,14,12,14,10,9,11,18,5,44,38,22,54,11,5,17,PM10,18,6,53
1/5/2019,166,94,12,230,166,6,224,14,14,22,10,3,11,14,4,24,18,11,28,5,3,21,PM10,17,8,54
1/6/2019,86,54,29,128,86,49,157,14,10,16,11,10,11,15,6,22,26,10,34,6,4,10,PM10,18,7,54
1/7/2019,68,43,28,86,68,45,104,14,13,15,10,10,11,14,3,19,14,5,18,8,4,14,PM10,19,8,52
1/8/2019,89,48,29,93,89,48,120,14,12,18,10,8,11,12,5,22,15,6,20,11,5,21,PM10,19,6,53
1/9/2019,108,56,31,112,108,80,141,14,12,20,9,7,11,14,6,24,18,7,24,13,5,26,PM10,20,7,56
1/10/2019,116,64,31,205,116,83,163,14,12,18,10,8,12,18,10,21,25,10,45,9,5,29,PM10,21,8,51
1/11/2019,187,104,31,291,187,72,361,14,9,22,10,9,11,8,2,19,24,12,32,5,5,21,PM10,20,6,57
1/12/2019,191,123,43,303,191,145,336,18,10,24,12,8,18,11,6,24,22,10,34,6,3,17,PM10,21,5,45
1/13/2019,88,60,29,241,88,26,193,14,10,18,12,9,14,12,9,25,25,10,36,9,4,12,PM10,20,5,49
1/14/2019,74,43,30,74,74,47,126,14,10,18,9,7,12,10,7,28,20,11,28,8,4,15,PM10,19,6,48
1/15/2019,86,44,28,84,86,44,118,14,10,18,10,10,11,9,6,27,18,10,29,7,5,16,PM10,21,7,42
1/16/2019,123,81,31,280,123,87,185,8,2,41,4,3,11,10,8,14,19,8,24,11,6,20,PM10,22,8,45
1/17/2019,215,215,31,348,147,104,208,18,14,22,3,2,5,9,6,12,18,7,28,21,3,50,PM2.5,21,8,42
1/18/2019,114,114,9,326,103,63,133,17,14,21,5,5,5,10,7,18,12,5,26,24,4,52,PM2.5,22,9,48
1/19/2019,116,116,4,353,104,55,133,17,11,20,5,4,5,9,6,17,18,3,22,21,4,45,PM2.5,23,11,50
1/20/2019,169,169,4,429,155,70,315,18,16,32,5,4,5,10,8,20,16,7,30,11,3,44,PM2.5,23,13,58
1/21/2019,100,65,4,136,100,50,171,18,16,22,5,4,5,11,7,24,18,9,32,7,4,22,PM10,22,10,65
1/22/2019,70,61,2,370,70,20,90,19,17,23,4,3,6,12,8,26,19,10,28,14,3,21,PM10,22,9,68
1/23/2019,33,24,3,88,33,5,65,25,19,31,5,5,6,10,4,18,10,4,29,18,4,S,PM10,21,8,64
1/24/2019,53,33,3,170,53,20,106,21,14,26,5,4,5,9,2,16,12,5,24,11,4,33,PM10,20,8,63
1/25/2019,47,35,4,168,47,8,71,18,16,20,5,5,5,10,5,16,11,2,22,22,5,41,PM10,20,7,67
1/26/2019,49,34,7,76,49,27,73,18,16,19,4,3,5,11,5,17,12,4,19,17,5,47,PM10,19,9,68
1/27/2019,92,26,3,82,92,48,114,17,16,19,5,14,5,8,4,12,14,6,26,20,16,48,PM10,18,8,74
1/28/2019,63,36,5,127,63,22,110,17,14,20,5,3,6,10,6,14,16,7,22,16,14,20,PM10,19,9,70
1/29/2019,31,21,5,64,31,4,70,18,13,20,5,4,5,11,7,16,18,8,24,20,16,51,PM10,18,10,68
1/30/2019,123,100,21,150,123,70,151,17,15,19,5,4,5,4,1,15,19,9,28,21,4,53,PM10,18,10,71
1/31/2019,115,78,5,302,115,73,186,18,16,22,5,3,5,5,2,10,12,5,34,11,4,34,PM10,18,11,74
2/1/2019,116,86,11,265,116,82,158,17,11,20,5,3,6,5,3,7,10,3,15,9,3,27,PM10,20,10,65
2/2/2019,83,50,5,156,83,31,140,46,5,148,4,3,7,6,1,11,8,2,12,10,2,14,PM10,21,9,60
2/3/2019,79,33,1,124,79,31,140,41,34,58,5,3,6,10,2,17,10,5,19,6,4,17,PM10,21,10,60
2/4/2019,77,64,3,247,77,34,159,55,21,69,8,4,10,11,4,21,8,2,12,8,4,18,PM10,22,11,58
2/5/2019,151,118,7,328,151,44,500,82,39,137,9,3,12,14,8,39,11,6,24,14,8,39,PM10,23,12,58
2/6/2019,133,133,55,255,121,49,480,78,28,178,10,6,45,20,10,71,20,10,35,20,16,40,PM2.5,22,11,57
2/7/2019,134,134,31,258,100,46,210,68,30,154,12,7,49,18,8,68,21,12,39,21,11,59,PM2.5,21,10,65
2/8/2019,37,26,5,80,37,17,63,12,5,31,12,2,19,8,5,11,13,4,22,24,18,58,PM10,20,9,66
2/9/2019,53,25,5,80,53,32,72,36,2,51,17,10,19,9,5,21,17,8,38,18,9,62,PM10,19,10,70
2/10/2019,76,76,25,197,70,24,180,44,40,51,17,16,18,10,4,21,24,10,98,38,9,43,PM2.5,17,9,74
2/11/2019,394,51,13,130,394,49,500,58,42,69,14,12,18,9,5,13,29,6,60,32,5,56,PM10,18,11,73
2/12/2019,79,62,3,324,79,55,109,43,24,51,15,12,20,9,5,11,24,10,54,35,6,56,PM10,19,10,80
2/13/2019,89,65,11,174,89,47,139,42,19,72,14,9,18,9,4,16,22,9,44,24,5,58,PM10,17,11,75
2/14/2019,100,100,12,329,86,32,120,27,19,33,16,16,17,10,4,16,19,6,40,19,5,50,PM2.5,19,12,80
2/15/2019,181,91,37,181,100,58,155,19,15,27,5,4,7,13,4,30,32,14,59,15,6,33,PM10,20,12,92
2/16/2019,53,53,8,208,48,10,196,18,12,34,17,16,18,10,5,15,10,8,46,9,7,33,PM2.5,18,11,78
2/17/2019,68,68,17,332,46,34,65,5,4,5,18,18,18,9,5,13,12,4,34,24,12,40,PM2.5,19,12,80
2/18/2019,84,84,18,352,72,43,109,5,4,6,18,18,19,9,5,12,9,4,28,7,5,45,PM2.5,18,11,75
2/19/2019,64,64,18,259,59,14,107,5,4,5,18,18,19,11,6,25,19,9,28,21,6,37,PM2.5,19,12,80
2/20/2019,97,86,16,304,97,51,172,4,4,5,18,18,19,13,8,29,11,5,22,12,5,37,PM10,20,11,83
2/21/2019,81,81,18,307,52,29,101,5,4,6,18,18,19,11,7,20,18,6,39,13,7,20,PM2.5,21,9,78
2/22/2019,44,41,2,184,44,29,62,5,4,6,18,18,19,10,4,23,22,10,49,27,12,44,PM10,22,10,68
2/23/2019,63,63,2,265,56,42,87,4,3,5,18,18,19,8,3,14,18,8,56,32,13,50,PM2.5,22,11,70
2/24/2019,81,59,20,190,81,56,117,4,3,5,18,18,19,8,3,12,19,7,39,35,5,57,PM10,21,11,71
2/25/2019,131,131,23,328,111,65,187,4,3,5,18,18,19,11,4,36,18,10,38,26,7,59,PM2.5,23,11,72
2/26/2019,218,218,38,449,132,78,186,4,3,5,18,18,19,12,4,27,20,12,44,24,6,57,PM2.5,22,10,73
2/27/2019,96,96,20,349,55,28,86,4,3,5,18,18,19,10,5,14,22,10,55,34,14,49,PM2.5,21,11,74
2/28/2019,88,83,14,262,88,45,137,5,3,29,18,17,19,8,3,12,23,11,54,27,5,49,PM10,19,10,77
3/1/2019,113,113,21,333,82,56,118,8,2,82,18,16,19,9,6,12,24,10,48,18,7,48,PM2.5,20,11,75
3/2/2019,88,88,20,288,82,47,152,4,2,10,18,18,19,10,6,22,20,5,50,16,7,52,PM2.5,21,12,81
3/3/2019,100,100,25,302,71,39,116,10,1,102,19,18,24,13,8,26,10,4,44,5,5,26,PM2.5,22,12,86
3/4/2019,163,163,18,428,88,42,128,1,1,4,19,19,21,13,6,35,19,12,24,5,5,6,PM2.5,22,11,82
3/5/2019,138,138,32,372,100,59,220,3,21,9,19,18,22,13,3,40,18,8,46,6,5,7,PM2.5,23,13,81
3/6/2019,144,144,21,357,89,24,135,5,1,44,20,19,22,18,7,44,20,10,39,6,5,14,PM2.5,23,12,70
3/7/2019,175,175,5,352,131,99,176,2,1,25,20,18,24,19,1,52,25,8,58,6,5,15,PM2.5,24,12,65
3/8/2019,131,97,6,189,131,100,152,26,1,112,13,6,42,14,1,53,14,10,49,7,5,33,PM10,23,13,70
3/9/2019,130,81,31,150,130,111,150,14,11,17,12,11,14,12,10,26,11,8,29,6,5,7,PM10,24,12,75
3/10/2019,131,88,18,248,131,112,166,17,12,21,11,10,12,12,9,18,10,4,24,6,5,11,PM10,25,13,65
3/11/2019,164,134,42,281,164,110,190,23,16,29,10,8,11,13,11,20,18,8,34,7,4,12,PM10,24,12,70
3/12/2019,175,80,34,147,175,41,187,23,13,28,9,7,10,14,11,25,24,7,18,9,5,20,PM10,24,12,68
3/13/2019,118,114,32,318,118,61,222,15,9,26,12,10,16,18,6,33,28,10,39,5,5,12,PM10,23,11,70
3/14/2019,76,69,27,123,76,33,112,17,12,24,12,11,15,14,8,28,20,10,29,5,5,9,PM10,24,12,65
3/15/2019,60,60,18,94,58,31,101,16,4,52,13,10,19,13,8,30,34,12,54,8,5,28,PM2.5,25,11,68
3/16/2019,56,53,2,87,56,26,70,11,2,18,13,10,16,16,6,34,28,10,49,9,5,32,PM10,26,13,60
3/17/2019,69,61,43,78,69,47,87,16,9,20,12,11,14,13,9,17,16,8,32,6,5,9,PM10,26,14,58
3/18/2019,67,58,36,95,67,38,85,18,13,22,11,10,12,13,9,16,11,4,19,6,5,10,PM10,27,15,63
3/19/2019,71,68,43,139,71,54,115,17,10,22,10,9,12,13,8,30,16,8,24,7,5,12,PM10,28,15,57
3/20/2019,71,71,13,381,70,30,111,14,6,40,14,10,17,18,9,31,18,7,38,32,7,52,PM2.5,29,17,56
3/21/2019,118,118,38,472,53,37,78,1,1,3,5,5,6,12,6,26,24,7,65,34,13,55,PM2.5,27,16,56
3/22/2019,48,42,25,61,48,35,67,2,1,3,5,5,6,11,10,12,11,6,21,41,25,55,PM10,29,16,55
3/23/2019,58,56,24,85,58,45,78,2,1,3,5,5,6,12,10,13,12,8,19,40,20,60,PM10,29,15,50
3/24/2019,54,52,34,61,54,44,68,1,1,2,5,5,6,12,9,14,19,7,36,30,13,59,PM10,28,16,50
3/25/2019,69,68,35,113,69,49,87,1,1,3,5,5,6,11,9,14,21,8,47,19,15,40,PM10,27,15,51
3/26/2019,98,98,51,155,90,59,123,1,1,2,5,5,6,13,10,19,11,7,21,34,5,59,PM2.5,29,15,51
3/27/2019,93,93,37,190,86,51,122,2,1,3,5,5,6,14,10,35,17,9,35,34,5,58,PM2.5,30,16,35
3/28/2019,103,103,21,190,94,70,122,2,1,3,5,5,6,14,10,35,19,10,28,54,5,58,PM2.5,31,17,32
3/29/2019,80,78,43,126,80,57,103,13,6,17,11,9,19,14,10,49,24,12,44,49,18,67,PM10,32,17,30
3/30/2019,91,91,32,173,87,49,112,13,2,51,17,9,75,16,8,36,22,10,35,41,11,71,PM2.5,33,20,20
3/31/2019,77,68,34,98,77,55,101,12,2,42,15,5,61,16,10,28,28,8,39,40,18,75,PM10,35,20,5
